fin_id,vendor_id,vendor_name,category,period,contract_value,actual_cost,cost_variance,cost_savings,payment_terms,invoice_accuracy,budget_utilization,roi_score,total_spend,overdue_invoices,discount_availed
1,1,TechCorp Inc,IT Services,Q1-2023,371231,348158,-23073,23073,Net-30,98.2,93.8,86.2,348158,0,5.2
2,1,TechCorp Inc,IT Services,Q2-2023,371231,355524,-15707,15707,Net-30,98.6,95.8,89.7,355524,1,3.0
3,1,TechCorp Inc,IT Services,Q3-2023,371231,380255,9024,0,Net-30,98.5,102.4,94.2,380255,1,3.2
4,1,TechCorp Inc,IT Services,Q4-2023,371231,391698,20467,0,Net-30,96.9,105.5,92.1,391698,1,3.2
5,1,TechCorp Inc,IT Services,Q1-2024,371231,341004,-30227,30227,Net-30,99.2,91.9,87.3,341004,1,5.3
6,1,TechCorp Inc,IT Services,Q2-2024,371231,371331,100,0,Net-30,96.6,100.0,85.7,371331,0,3.6
7,1,TechCorp Inc,IT Services,Q3-2024,371231,336099,-35132,35132,Net-30,96.0,90.5,89.1,336099,1,5.3
8,1,TechCorp Inc,IT Services,Q4-2024,371231,371062,-169,169,Net-30,97.0,100.0,91.1,371062,0,3.7
9,2,Global Supplies Ltd,Logistics,Q1-2023,744731,712671,-32060,32060,Net-30,97.6,95.7,85.0,712671,0,3.5
10,2,Global Supplies Ltd,Logistics,Q2-2023,744731,721089,-23642,23642,Net-30,99.4,96.8,86.0,721089,0,5.2
11,2,Global Supplies Ltd,Logistics,Q3-2023,744731,681859,-62872,62872,Net-30,98.8,91.6,91.8,681859,0,4.8
12,2,Global Supplies Ltd,Logistics,Q4-2023,744731,740339,-4392,4392,Net-30,97.9,99.4,90.9,740339,0,3.0
13,2,Global Supplies Ltd,Logistics,Q1-2024,744731,775477,30746,0,Net-30,99.5,104.1,91.8,775477,0,4.3
14,2,Global Supplies Ltd,Logistics,Q2-2024,744731,731055,-13676,13676,Net-30,96.8,98.2,89.7,731055,1,3.9
15,2,Global Supplies Ltd,Logistics,Q3-2024,744731,740230,-4501,4501,Net-30,99.4,99.4,95.4,740230,1,2.9
16,2,Global Supplies Ltd,Logistics,Q4-2024,744731,732054,-12677,12677,Net-30,97.6,98.3,86.5,732054,0,4.9
17,3,Quality Parts Co,Manufacturing,Q1-2023,105738,110285,4547,0,Net-60,74.2,104.3,53.1,110285,13,0.0
18,3,Quality Parts Co,Manufacturing,Q2-2023,105738,116047,10309,0,Net-60,80.9,109.7,60.0,116047,8,0.0
19,3,Quality Parts Co,Manufacturing,Q3-2023,105738,111267,5529,0,Net-60,72.3,105.2,47.0,111267,11,0.0
20,3,Quality Parts Co,Manufacturing,Q4-2023,105738,106877,1139,0,Net-60,74.8,101.1,44.8,106877,8,0.0
21,3,Quality Parts Co,Manufacturing,Q1-2024,105738,109128,3390,0,Net-60,74.2,103.2,63.0,109128,8,0.0
22,3,Quality Parts Co,Manufacturing,Q2-2024,105738,92058,-13680,13680,Net-60,72.0,87.1,59.2,92058,5,0.0
23,3,Quality Parts Co,Manufacturing,Q3-2024,105738,117542,11804,0,Net-60,79.0,111.2,36.3,117542,7,0.0
24,3,Quality Parts Co,Manufacturing,Q4-2024,105738,90048,-15690,15690,Net-60,84.6,85.2,43.8,90048,14,0.0
25,4,Innovative Solutions,Consulting,Q1-2023,837277,839075,1798,0,Net-30,96.5,100.2,93.4,839075,0,5.4
26,4,Innovative Solutions,Consulting,Q2-2023,837277,831115,-6162,6162,Net-30,99.2,99.3,87.8,831115,1,4.2
27,4,Innovative Solutions,Consulting,Q3-2023,837277,786974,-50303,50303,Net-30,97.5,94.0,87.7,786974,1,4.1
28,4,Innovative Solutions,Consulting,Q4-2023,837277,794694,-42583,42583,Net-30,98.1,94.9,87.8,794694,1,3.1
29,4,Innovative Solutions,Consulting,Q1-2024,837277,780206,-57071,57071,Net-30,97.9,93.2,94.0,780206,1,3.7
30,4,Innovative Solutions,Consulting,Q2-2024,837277,804122,-33155,33155,Net-30,96.6,96.0,90.9,804122,0,2.8
31,4,Innovative Solutions,Consulting,Q3-2024,837277,859022,21745,0,Net-30,99.3,102.6,90.6,859022,0,4.6
32,4,Innovative Solutions,Consulting,Q4-2024,837277,874937,37660,0,Net-30,98.5,104.5,92.9,874937,1,5.0
33,5,Reliable Services LLC,Raw Materials,Q1-2023,341740,307552,-34188,34188,Net-45,91.5,90.0,77.1,307552,1,0.8
34,5,Reliable Services LLC,Raw Materials,Q2-2023,341740,367367,25627,0,Net-45,94.9,107.5,73.6,367367,3,1.6
35,5,Reliable Services LLC,Raw Materials,Q3-2023,341740,373776,32036,0,Net-45,91.9,109.4,81.5,373776,3,2.3
36,5,Reliable Services LLC,Raw Materials,Q4-2023,341740,349112,7372,0,Net-45,88.5,102.2,83.3,349112,2,2.0
37,5,Reliable Services LLC,Raw Materials,Q1-2024,341740,357326,15586,0,Net-45,88.3,104.6,77.8,357326,3,0.6
38,5,Reliable Services LLC,Raw Materials,Q2-2024,341740,351043,9303,0,Net-45,89.4,102.7,80.0,351043,3,1.1
39,5,Reliable Services LLC,Raw Materials,Q3-2024,341740,332548,-9192,9192,Net-45,88.1,97.3,83.1,332548,4,0.6
40,5,Reliable Services LLC,Raw Materials,Q4-2024,341740,336756,-4984,4984,Net-45,93.4,98.5,78.6,336756,4,1.6
41,6,Apex Delivery Co,Logistics,Q1-2023,287425,278800,-8625,8625,Net-45,94.1,97.0,68.1,278800,4,0.5
42,6,Apex Delivery Co,Logistics,Q2-2023,287425,320907,33482,0,Net-45,91.7,111.6,78.0,320907,4,2.0
43,6,Apex Delivery Co,Logistics,Q3-2023,287425,268201,-19224,19224,Net-45,88.3,93.3,74.7,268201,1,0.5
44,6,Apex Delivery Co,Logistics,Q4-2023,287425,290254,2829,0,Net-45,95.2,101.0,71.5,290254,2,1.0
45,6,Apex Delivery Co,Logistics,Q1-2024,287425,318997,31572,0,Net-45,95.9,111.0,81.8,318997,3,1.6
46,6,Apex Delivery Co,Logistics,Q2-2024,287425,264488,-22937,22937,Net-45,89.4,92.0,75.3,264488,4,1.0
47,6,Apex Delivery Co,Logistics,Q3-2024,287425,314323,26898,0,Net-45,94.4,109.4,80.0,314323,1,1.8
48,6,Apex Delivery Co,Logistics,Q4-2024,287425,297568,10143,0,Net-45,92.2,103.5,75.8,297568,1,0.7
49,7,BlueStar Tech,IT Services,Q1-2023,824079,757456,-66623,66623,Net-30,97.9,91.9,91.3,757456,1,3.0
50,7,BlueStar Tech,IT Services,Q2-2023,824079,798293,-25786,25786,Net-30,97.9,96.9,87.4,798293,1,5.3
51,7,BlueStar Tech,IT Services,Q3-2023,824079,827984,3905,0,Net-30,99.0,100.5,86.5,827984,1,2.5
52,7,BlueStar Tech,IT Services,Q4-2023,824079,773378,-50701,50701,Net-30,99.3,93.8,88.1,773378,0,4.7
53,7,BlueStar Tech,IT Services,Q1-2024,824079,869276,45197,0,Net-30,98.4,105.5,86.4,869276,1,3.3
54,7,BlueStar Tech,IT Services,Q2-2024,824079,763813,-60266,60266,Net-30,99.0,92.7,87.7,763813,1,4.8
55,7,BlueStar Tech,IT Services,Q3-2024,824079,755546,-68533,68533,Net-30,96.0,91.7,92.9,755546,1,3.8
56,7,BlueStar Tech,IT Services,Q4-2024,824079,800691,-23388,23388,Net-30,98.4,97.2,86.0,800691,0,5.4
57,8,PrimeCast Mfg,Manufacturing,Q1-2023,320570,348666,28096,0,Net-45,88.2,108.8,76.7,348666,2,1.2
58,8,PrimeCast Mfg,Manufacturing,Q2-2023,320570,288346,-32224,32224,Net-45,88.4,89.9,83.5,288346,4,1.2
59,8,PrimeCast Mfg,Manufacturing,Q3-2023,320570,349576,29006,0,Net-45,92.1,109.0,72.9,349576,4,1.0
60,8,PrimeCast Mfg,Manufacturing,Q4-2023,320570,316029,-4541,4541,Net-45,93.7,98.6,72.8,316029,3,0.9
61,8,PrimeCast Mfg,Manufacturing,Q1-2024,320570,311748,-8822,8822,Net-45,90.0,97.2,82.7,311748,1,1.6
62,8,PrimeCast Mfg,Manufacturing,Q2-2024,320570,333919,13349,0,Net-45,92.9,104.2,70.4,333919,4,2.1
63,8,PrimeCast Mfg,Manufacturing,Q3-2024,320570,328324,7754,0,Net-45,94.4,102.4,83.4,328324,2,2.3
64,8,PrimeCast Mfg,Manufacturing,Q4-2024,320570,333396,12826,0,Net-45,89.6,104.0,71.9,333396,2,2.1
65,9,SwiftRoute Express,Logistics,Q1-2023,299811,298378,-1433,1433,Net-30,98.7,99.5,92.4,298378,1,3.7
66,9,SwiftRoute Express,Logistics,Q2-2023,299811,308715,8904,0,Net-30,99.4,103.0,95.9,308715,1,4.7
67,9,SwiftRoute Express,Logistics,Q3-2023,299811,290462,-9349,9349,Net-30,96.6,96.9,92.7,290462,1,5.0
68,9,SwiftRoute Express,Logistics,Q4-2023,299811,320552,20741,0,Net-30,96.5,106.9,89.2,320552,0,2.8
69,9,SwiftRoute Express,Logistics,Q1-2024,299811,270561,-29250,29250,Net-30,99.5,90.2,95.3,270561,0,5.4
70,9,SwiftRoute Express,Logistics,Q2-2024,299811,301320,1509,0,Net-30,98.7,100.5,93.9,301320,1,4.5
71,9,SwiftRoute Express,Logistics,Q3-2024,299811,275456,-24355,24355,Net-30,99.3,91.9,86.6,275456,0,4.1
72,9,SwiftRoute Express,Logistics,Q4-2024,299811,320155,20344,0,Net-30,97.5,106.8,87.9,320155,1,4.5
73,10,Omega Consult Group,Consulting,Q1-2023,218873,226375,7502,0,Net-45,94.6,103.4,75.2,226375,4,1.1
74,10,Omega Consult Group,Consulting,Q2-2023,218873,217194,-1679,1679,Net-45,94.5,99.2,69.0,217194,1,1.7
75,10,Omega Consult Group,Consulting,Q3-2023,218873,195005,-23868,23868,Net-45,89.0,89.1,78.6,195005,4,0.6
76,10,Omega Consult Group,Consulting,Q4-2023,218873,243439,24566,0,Net-45,93.0,111.2,82.5,243439,2,1.7
77,10,Omega Consult Group,Consulting,Q1-2024,218873,200707,-18166,18166,Net-45,92.6,91.7,71.9,200707,1,1.7
78,10,Omega Consult Group,Consulting,Q2-2024,218873,237773,18900,0,Net-45,93.5,108.6,77.9,237773,2,0.8
79,10,Omega Consult Group,Consulting,Q3-2024,218873,237409,18536,0,Net-45,91.4,108.5,68.6,237409,3,1.5
80,10,Omega Consult Group,Consulting,Q4-2024,218873,219474,601,0,Net-45,94.6,100.3,68.2,219474,1,1.2
81,11,NovaMat Supplies,Raw Materials,Q1-2023,153206,165106,11900,0,Net-45,94.7,107.8,72.2,165106,1,1.4
82,11,NovaMat Supplies,Raw Materials,Q2-2023,153206,162536,9330,0,Net-45,89.3,106.1,69.7,162536,2,0.8
83,11,NovaMat Supplies,Raw Materials,Q3-2023,153206,159470,6264,0,Net-45,90.8,104.1,82.2,159470,2,1.2
84,11,NovaMat Supplies,Raw Materials,Q4-2023,153206,149147,-4059,4059,Net-45,88.9,97.4,80.7,149147,2,0.5
85,11,NovaMat Supplies,Raw Materials,Q1-2024,153206,143246,-9960,9960,Net-45,89.2,93.5,80.4,143246,1,1.5
86,11,NovaMat Supplies,Raw Materials,Q2-2024,153206,149503,-3703,3703,Net-45,93.8,97.6,73.1,149503,3,2.3
87,11,NovaMat Supplies,Raw Materials,Q3-2024,153206,148363,-4843,4843,Net-45,95.3,96.8,68.3,148363,1,1.9
88,11,NovaMat Supplies,Raw Materials,Q4-2024,153206,142599,-10607,10607,Net-45,94.4,93.1,70.7,142599,3,0.6
89,12,DataStream Inc,IT Services,Q1-2023,408607,431504,22897,0,Net-30,96.3,105.6,92.9,431504,0,3.9
90,12,DataStream Inc,IT Services,Q2-2023,408607,401131,-7476,7476,Net-30,96.6,98.2,85.9,401131,1,2.9
91,12,DataStream Inc,IT Services,Q3-2023,408607,417388,8781,0,Net-30,96.8,102.1,91.9,417388,1,4.6
92,12,DataStream Inc,IT Services,Q4-2023,408607,412068,3461,0,Net-30,99.3,100.8,92.0,412068,1,2.6
93,12,DataStream Inc,IT Services,Q1-2024,408607,372840,-35767,35767,Net-30,99.5,91.2,95.1,372840,1,2.5
94,12,DataStream Inc,IT Services,Q2-2024,408607,409027,420,0,Net-30,97.0,100.1,88.4,409027,1,3.1
95,12,DataStream Inc,IT Services,Q3-2024,408607,399125,-9482,9482,Net-30,97.4,97.7,90.2,399125,1,5.4
96,12,DataStream Inc,IT Services,Q4-2024,408607,413086,4479,0,Net-30,98.0,101.1,85.5,413086,0,2.5
97,13,SteelWorks Co,Manufacturing,Q1-2023,374318,376925,2607,0,Net-45,88.6,100.7,76.4,376925,4,2.0
98,13,SteelWorks Co,Manufacturing,Q2-2023,374318,360724,-13594,13594,Net-45,94.0,96.4,72.7,360724,2,2.0
99,13,SteelWorks Co,Manufacturing,Q3-2023,374318,356832,-17486,17486,Net-45,91.6,95.3,82.0,356832,2,1.8
100,13,SteelWorks Co,Manufacturing,Q4-2023,374318,379830,5512,0,Net-45,92.8,101.5,83.8,379830,3,2.0
101,13,SteelWorks Co,Manufacturing,Q1-2024,374318,406491,32173,0,Net-45,96.0,108.6,69.0,406491,2,1.9
102,13,SteelWorks Co,Manufacturing,Q2-2024,374318,356473,-17845,17845,Net-45,94.3,95.2,77.4,356473,2,1.0
103,13,SteelWorks Co,Manufacturing,Q3-2024,374318,354387,-19931,19931,Net-45,92.9,94.7,70.3,354387,4,0.8
104,13,SteelWorks Co,Manufacturing,Q4-2024,374318,395325,21007,0,Net-45,91.1,105.6,78.8,395325,3,2.3
105,14,RapidFreight Ltd,Logistics,Q1-2023,362579,325934,-36645,36645,Net-45,92.4,89.9,74.3,325934,1,2.3
106,14,RapidFreight Ltd,Logistics,Q2-2023,362579,323251,-39328,39328,Net-45,93.4,89.2,71.1,323251,2,1.3
107,14,RapidFreight Ltd,Logistics,Q3-2023,362579,320698,-41881,41881,Net-45,93.4,88.4,76.6,320698,4,2.2
108,14,RapidFreight Ltd,Logistics,Q4-2023,362579,346375,-16204,16204,Net-45,95.7,95.5,69.4,346375,3,2.2
109,14,RapidFreight Ltd,Logistics,Q1-2024,362579,341999,-20580,20580,Net-45,89.8,94.3,83.2,341999,2,1.7
110,14,RapidFreight Ltd,Logistics,Q2-2024,362579,353080,-9499,9499,Net-45,92.2,97.4,68.1,353080,2,1.6
111,14,RapidFreight Ltd,Logistics,Q3-2024,362579,336857,-25722,25722,Net-45,91.7,92.9,78.7,336857,2,2.3
112,14,RapidFreight Ltd,Logistics,Q4-2024,362579,393549,30970,0,Net-45,94.0,108.5,71.4,393549,3,2.2
113,15,GreenSource Corp,Raw Materials,Q1-2023,217752,220685,2933,0,Net-45,90.2,101.3,68.7,220685,2,2.3
114,15,GreenSource Corp,Raw Materials,Q2-2023,217752,233927,16175,0,Net-45,95.7,107.4,68.8,233927,1,2.2
115,15,GreenSource Corp,Raw Materials,Q3-2023,217752,235067,17315,0,Net-45,93.5,108.0,69.7,235067,1,2.1
116,15,GreenSource Corp,Raw Materials,Q4-2023,217752,194237,-23515,23515,Net-45,91.8,89.2,82.9,194237,4,0.6
117,15,GreenSource Corp,Raw Materials,Q1-2024,217752,232486,14734,0,Net-45,93.8,106.8,72.0,232486,3,2.3
118,15,GreenSource Corp,Raw Materials,Q2-2024,217752,196834,-20918,20918,Net-45,92.1,90.4,79.0,196834,1,1.7
119,15,GreenSource Corp,Raw Materials,Q3-2024,217752,238178,20426,0,Net-45,88.3,109.4,70.4,238178,1,1.7
120,15,GreenSource Corp,Raw Materials,Q4-2024,217752,200935,-16817,16817,Net-45,89.1,92.3,72.1,200935,4,0.8
121,16,CloudNine Systems,IT Services,Q1-2023,386491,366943,-19548,19548,Net-45,93.5,94.9,74.1,366943,2,1.9
122,16,CloudNine Systems,IT Services,Q2-2023,386491,390162,3671,0,Net-45,95.2,100.9,76.3,390162,3,1.1
123,16,CloudNine Systems,IT Services,Q3-2023,386491,342042,-44449,44449,Net-45,88.6,88.5,80.6,342042,4,1.8
124,16,CloudNine Systems,IT Services,Q4-2023,386491,379733,-6758,6758,Net-45,89.5,98.3,80.7,379733,3,0.8
125,16,CloudNine Systems,IT Services,Q1-2024,386491,422279,35788,0,Net-45,93.2,109.3,70.4,422279,2,2.3
126,16,CloudNine Systems,IT Services,Q2-2024,386491,411406,24915,0,Net-45,93.6,106.4,75.4,411406,3,1.3
127,16,CloudNine Systems,IT Services,Q3-2024,386491,407150,20659,0,Net-45,90.7,105.3,78.3,407150,1,0.9
128,16,CloudNine Systems,IT Services,Q4-2024,386491,400841,14350,0,Net-45,94.8,103.7,69.0,400841,1,0.8
129,17,FastLane Logistics,Logistics,Q1-2023,304622,280708,-23914,23914,Net-45,95.0,92.1,83.9,280708,1,2.0
130,17,FastLane Logistics,Logistics,Q2-2023,304622,291953,-12669,12669,Net-45,94.0,95.8,68.7,291953,4,1.5
131,17,FastLane Logistics,Logistics,Q3-2023,304622,300400,-4222,4222,Net-45,93.9,98.6,83.1,300400,3,1.9
132,17,FastLane Logistics,Logistics,Q4-2023,304622,321015,16393,0,Net-45,95.4,105.4,71.1,321015,1,0.6
133,17,FastLane Logistics,Logistics,Q1-2024,304622,286559,-18063,18063,Net-45,95.3,94.1,81.9,286559,3,1.3
134,17,FastLane Logistics,Logistics,Q2-2024,304622,297768,-6854,6854,Net-45,93.6,97.7,68.9,297768,1,0.5
135,17,FastLane Logistics,Logistics,Q3-2024,304622,280356,-24266,24266,Net-45,92.3,92.0,82.0,280356,3,1.1
136,17,FastLane Logistics,Logistics,Q4-2024,304622,285926,-18696,18696,Net-45,89.3,93.9,70.7,285926,1,0.6
137,18,PrecisionForge Ltd,Manufacturing,Q1-2023,144895,145079,184,0,Net-60,80.9,100.1,50.0,145079,7,0.0
138,18,PrecisionForge Ltd,Manufacturing,Q2-2023,144895,164470,19575,0,Net-60,82.1,113.5,59.8,164470,12,0.0
139,18,PrecisionForge Ltd,Manufacturing,Q3-2023,144895,138613,-6282,6282,Net-60,84.7,95.7,53.3,138613,5,0.0
140,18,PrecisionForge Ltd,Manufacturing,Q4-2023,144895,140876,-4019,4019,Net-60,79.6,97.2,63.2,140876,13,0.0
141,18,PrecisionForge Ltd,Manufacturing,Q1-2024,144895,156157,11262,0,Net-60,86.9,107.8,59.4,156157,13,0.0
142,18,PrecisionForge Ltd,Manufacturing,Q2-2024,144895,171669,26774,0,Net-60,81.5,118.5,42.4,171669,12,0.0
143,18,PrecisionForge Ltd,Manufacturing,Q3-2024,144895,124004,-20891,20891,Net-60,78.4,85.6,61.1,124004,10,0.0
144,18,PrecisionForge Ltd,Manufacturing,Q4-2024,144895,154438,9543,0,Net-60,79.0,106.6,57.1,154438,9,0.0
145,19,StratEdge Consulting,Consulting,Q1-2023,194987,192416,-2571,2571,Net-45,96.0,98.7,77.9,192416,4,1.6
146,19,StratEdge Consulting,Consulting,Q2-2023,194987,185955,-9032,9032,Net-45,92.6,95.4,76.1,185955,3,2.1
147,19,StratEdge Consulting,Consulting,Q3-2023,194987,193211,-1776,1776,Net-45,92.7,99.1,74.1,193211,3,1.0
148,19,StratEdge Consulting,Consulting,Q4-2023,194987,208667,13680,0,Net-45,88.9,107.0,74.4,208667,1,1.3
149,19,StratEdge Consulting,Consulting,Q1-2024,194987,213787,18800,0,Net-45,90.9,109.6,76.9,213787,3,2.2
150,19,StratEdge Consulting,Consulting,Q2-2024,194987,187026,-7961,7961,Net-45,93.9,95.9,83.7,187026,4,2.3
151,19,StratEdge Consulting,Consulting,Q3-2024,194987,214417,19430,0,Net-45,91.1,110.0,82.2,214417,1,0.9
152,19,StratEdge Consulting,Consulting,Q4-2024,194987,216060,21073,0,Net-45,91.5,110.8,83.8,216060,3,1.5
153,20,EcoRaw Materials,Raw Materials,Q1-2023,295051,291030,-4021,4021,Net-30,97.5,98.6,86.2,291030,0,5.2
154,20,EcoRaw Materials,Raw Materials,Q2-2023,295051,277810,-17241,17241,Net-30,98.1,94.2,92.3,277810,1,5.3
155,20,EcoRaw Materials,Raw Materials,Q3-2023,295051,285421,-9630,9630,Net-30,97.1,96.7,94.6,285421,0,4.8
156,20,EcoRaw Materials,Raw Materials,Q4-2023,295051,310960,15909,0,Net-30,98.3,105.4,87.8,310960,0,3.4
157,20,EcoRaw Materials,Raw Materials,Q1-2024,295051,307261,12210,0,Net-30,96.3,104.1,87.5,307261,1,5.4
158,20,EcoRaw Materials,Raw Materials,Q2-2024,295051,304244,9193,0,Net-30,97.4,103.1,95.2,304244,0,3.9
159,20,EcoRaw Materials,Raw Materials,Q3-2024,295051,299541,4490,0,Net-30,97.9,101.5,88.8,299541,0,4.2
160,20,EcoRaw Materials,Raw Materials,Q4-2024,295051,296586,1535,0,Net-30,96.4,100.5,90.4,296586,1,2.7
161,21,NexGen IT Solutions,IT Services,Q1-2023,684277,681018,-3259,3259,Net-30,97.6,99.5,89.0,681018,0,3.4
162,21,NexGen IT Solutions,IT Services,Q2-2023,684277,705985,21708,0,Net-30,98.0,103.2,90.1,705985,1,4.3
163,21,NexGen IT Solutions,IT Services,Q3-2023,684277,644347,-39930,39930,Net-30,96.8,94.2,92.6,644347,0,5.3
164,21,NexGen IT Solutions,IT Services,Q4-2023,684277,668458,-15819,15819,Net-30,98.8,97.7,85.1,668458,0,3.4
165,21,NexGen IT Solutions,IT Services,Q1-2024,684277,638209,-46068,46068,Net-30,98.6,93.3,90.6,638209,1,2.8
166,21,NexGen IT Solutions,IT Services,Q2-2024,684277,674770,-9507,9507,Net-30,97.5,98.6,93.9,674770,1,3.4
167,21,NexGen IT Solutions,IT Services,Q3-2024,684277,664631,-19646,19646,Net-30,99.4,97.1,91.3,664631,1,2.8
168,21,NexGen IT Solutions,IT Services,Q4-2024,684277,684098,-179,179,Net-30,96.3,100.0,92.3,684098,0,4.5
169,22,CargoWise Corp,Logistics,Q1-2023,667488,689183,21695,0,Net-30,96.6,103.3,93.5,689183,1,4.2
170,22,CargoWise Corp,Logistics,Q2-2023,667488,615928,-51560,51560,Net-30,96.3,92.3,90.9,615928,0,4.4
171,22,CargoWise Corp,Logistics,Q3-2023,667488,617279,-50209,50209,Net-30,96.1,92.5,88.3,617279,1,4.9
172,22,CargoWise Corp,Logistics,Q4-2023,667488,696233,28745,0,Net-30,96.4,104.3,85.3,696233,0,3.8
173,22,CargoWise Corp,Logistics,Q1-2024,667488,693897,26409,0,Net-30,99.3,104.0,94.0,693897,1,5.3
174,22,CargoWise Corp,Logistics,Q2-2024,667488,687262,19774,0,Net-30,98.0,103.0,94.5,687262,0,3.2
175,22,CargoWise Corp,Logistics,Q3-2024,667488,611484,-56004,56004,Net-30,98.7,91.6,92.4,611484,0,2.9
176,22,CargoWise Corp,Logistics,Q4-2024,667488,670965,3477,0,Net-30,96.5,100.5,87.7,670965,0,4.6
177,23,MetalPlus Manufacturing,Manufacturing,Q1-2023,245325,244418,-907,907,Net-30,97.1,99.6,92.9,244418,0,3.5
178,23,MetalPlus Manufacturing,Manufacturing,Q2-2023,245325,255546,10221,0,Net-30,96.3,104.2,91.6,255546,1,3.2
179,23,MetalPlus Manufacturing,Manufacturing,Q3-2023,245325,251894,6569,0,Net-30,98.2,102.7,85.9,251894,1,3.6
180,23,MetalPlus Manufacturing,Manufacturing,Q4-2023,245325,245879,554,0,Net-30,97.0,100.2,85.5,245879,0,3.2
181,23,MetalPlus Manufacturing,Manufacturing,Q1-2024,245325,240970,-4355,4355,Net-30,96.0,98.2,90.7,240970,1,2.7
182,23,MetalPlus Manufacturing,Manufacturing,Q2-2024,245325,238995,-6330,6330,Net-30,99.1,97.4,92.0,238995,1,2.6
183,23,MetalPlus Manufacturing,Manufacturing,Q3-2024,245325,226288,-19037,19037,Net-30,99.4,92.2,89.6,226288,0,4.0
184,23,MetalPlus Manufacturing,Manufacturing,Q4-2024,245325,248778,3453,0,Net-30,99.2,101.4,85.5,248778,0,4.8
185,24,Alpha Advisors,Consulting,Q1-2023,78743,86005,7262,0,Net-60,76.5,109.2,43.1,86005,6,0.0
186,24,Alpha Advisors,Consulting,Q2-2023,78743,89838,11095,0,Net-60,76.3,114.1,47.7,89838,6,0.0
187,24,Alpha Advisors,Consulting,Q3-2023,78743,77508,-1235,1235,Net-60,80.1,98.4,49.8,77508,7,0.0
188,24,Alpha Advisors,Consulting,Q4-2023,78743,73062,-5681,5681,Net-60,72.2,92.8,35.3,73062,10,0.0
189,24,Alpha Advisors,Consulting,Q1-2024,78743,81060,2317,0,Net-60,77.6,102.9,62.7,81060,6,0.0
190,24,Alpha Advisors,Consulting,Q2-2024,78743,69274,-9469,9469,Net-60,84.1,88.0,55.7,69274,11,0.0
191,24,Alpha Advisors,Consulting,Q3-2024,78743,71329,-7414,7414,Net-60,79.7,90.6,54.0,71329,12,0.0
192,24,Alpha Advisors,Consulting,Q4-2024,78743,83120,4377,0,Net-60,81.2,105.6,37.3,83120,10,0.0
193,25,TerraMat Co,Raw Materials,Q1-2023,91938,86675,-5263,5263,Net-60,81.9,94.3,50.8,86675,10,0.0
194,25,TerraMat Co,Raw Materials,Q2-2023,91938,95722,3784,0,Net-60,72.6,104.1,42.1,95722,4,0.0
195,25,TerraMat Co,Raw Materials,Q3-2023,91938,84473,-7465,7465,Net-60,72.5,91.9,45.0,84473,9,0.0
196,25,TerraMat Co,Raw Materials,Q4-2023,91938,97948,6010,0,Net-60,73.5,106.5,52.0,97948,4,0.0
197,25,TerraMat Co,Raw Materials,Q1-2024,91938,82734,-9204,9204,Net-60,84.4,90.0,65.0,82734,8,0.0
198,25,TerraMat Co,Raw Materials,Q2-2024,91938,93399,1461,0,Net-60,87.7,101.6,44.0,93399,8,0.0
199,25,TerraMat Co,Raw Materials,Q3-2024,91938,81135,-10803,10803,Net-60,81.4,88.2,57.0,81135,6,0.0
200,25,TerraMat Co,Raw Materials,Q4-2024,91938,104639,12701,0,Net-60,74.9,113.8,37.8,104639,10,0.0
201,26,CyberEdge Technologies,IT Services,Q1-2023,301333,298847,-2486,2486,Net-45,94.6,99.2,69.8,298847,2,1.6
202,26,CyberEdge Technologies,IT Services,Q2-2023,301333,334245,32912,0,Net-45,91.2,110.9,77.7,334245,2,1.4
203,26,CyberEdge Technologies,IT Services,Q3-2023,301333,328728,27395,0,Net-45,96.0,109.1,72.3,328728,2,1.9
204,26,CyberEdge Technologies,IT Services,Q4-2023,301333,312712,11379,0,Net-45,94.8,103.8,68.7,312712,1,2.0
205,26,CyberEdge Technologies,IT Services,Q1-2024,301333,320753,19420,0,Net-45,93.0,106.4,83.7,320753,4,1.3
206,26,CyberEdge Technologies,IT Services,Q2-2024,301333,333919,32586,0,Net-45,91.3,110.8,79.4,333919,2,0.8
207,26,CyberEdge Technologies,IT Services,Q3-2024,301333,300730,-603,603,Net-45,88.0,99.8,69.0,300730,1,1.0
208,26,CyberEdge Technologies,IT Services,Q4-2024,301333,316832,15499,0,Net-45,92.1,105.1,84.0,316832,1,2.0
209,27,SpeedFreight Inc,Logistics,Q1-2023,150864,173137,22273,0,Net-60,86.9,114.8,51.0,173137,7,0.0
210,27,SpeedFreight Inc,Logistics,Q2-2023,150864,148733,-2131,2131,Net-60,87.1,98.6,49.4,148733,12,0.0
211,27,SpeedFreight Inc,Logistics,Q3-2023,150864,171318,20454,0,Net-60,83.6,113.6,62.9,171318,7,0.0
212,27,SpeedFreight Inc,Logistics,Q4-2023,150864,162332,11468,0,Net-60,84.9,107.6,54.1,162332,12,0.0
213,27,SpeedFreight Inc,Logistics,Q1-2024,150864,168504,17640,0,Net-60,87.1,111.7,52.5,168504,10,0.0
214,27,SpeedFreight Inc,Logistics,Q2-2024,150864,131068,-19796,19796,Net-60,85.0,86.9,37.7,131068,8,0.0
215,27,SpeedFreight Inc,Logistics,Q3-2024,150864,159729,8865,0,Net-60,72.5,105.9,49.9,159729,6,0.0
216,27,SpeedFreight Inc,Logistics,Q4-2024,150864,147165,-3699,3699,Net-60,77.5,97.5,37.6,147165,8,0.0
217,28,Ironclad Manufacturing,Manufacturing,Q1-2023,550156,550597,441,0,Net-30,97.5,100.1,91.9,550597,0,3.4
218,28,Ironclad Manufacturing,Manufacturing,Q2-2023,550156,534512,-15644,15644,Net-30,96.9,97.2,86.4,534512,0,2.8
219,28,Ironclad Manufacturing,Manufacturing,Q3-2023,550156,582184,32028,0,Net-30,97.2,105.8,87.9,582184,0,4.0
220,28,Ironclad Manufacturing,Manufacturing,Q4-2023,550156,569553,19397,0,Net-30,98.5,103.5,87.0,569553,1,5.5
221,28,Ironclad Manufacturing,Manufacturing,Q1-2024,550156,524834,-25322,25322,Net-30,96.0,95.4,91.9,524834,0,4.0
222,28,Ironclad Manufacturing,Manufacturing,Q2-2024,550156,518400,-31756,31756,Net-30,96.6,94.2,93.2,518400,1,5.4
223,28,Ironclad Manufacturing,Manufacturing,Q3-2024,550156,592868,42712,0,Net-30,99.3,107.8,85.8,592868,1,5.2
224,28,Ironclad Manufacturing,Manufacturing,Q4-2024,550156,549188,-968,968,Net-30,98.9,99.8,92.0,549188,1,5.4
225,29,ProConsult Partners,Consulting,Q1-2023,188704,192323,3619,0,Net-60,85.0,101.9,47.6,192323,6,0.0
226,29,ProConsult Partners,Consulting,Q2-2023,188704,166137,-22567,22567,Net-60,77.7,88.0,64.1,166137,13,0.0
227,29,ProConsult Partners,Consulting,Q3-2023,188704,211017,22313,0,Net-60,74.3,111.8,47.9,211017,7,0.0
228,29,ProConsult Partners,Consulting,Q4-2023,188704,218151,29447,0,Net-60,78.7,115.6,42.8,218151,12,0.0
229,29,ProConsult Partners,Consulting,Q1-2024,188704,163287,-25417,25417,Net-60,76.5,86.5,60.9,163287,9,0.0
230,29,ProConsult Partners,Consulting,Q2-2024,188704,195264,6560,0,Net-60,82.3,103.5,36.8,195264,11,0.0
231,29,ProConsult Partners,Consulting,Q3-2024,188704,196774,8070,0,Net-60,72.2,104.3,59.4,196774,5,0.0
232,29,ProConsult Partners,Consulting,Q4-2024,188704,214731,26027,0,Net-60,86.1,113.8,45.6,214731,5,0.0
233,30,NaturalRes Corp,Raw Materials,Q1-2023,413626,446018,32392,0,Net-30,97.2,107.8,86.3,446018,1,3.2
234,30,NaturalRes Corp,Raw Materials,Q2-2023,413626,424840,11214,0,Net-30,96.5,102.7,92.9,424840,1,2.8
235,30,NaturalRes Corp,Raw Materials,Q3-2023,413626,423655,10029,0,Net-30,98.4,102.4,95.9,423655,0,2.9
236,30,NaturalRes Corp,Raw Materials,Q4-2023,413626,397492,-16134,16134,Net-30,96.6,96.1,93.0,397492,1,3.9
237,30,NaturalRes Corp,Raw Materials,Q1-2024,413626,374607,-39019,39019,Net-30,96.7,90.6,95.7,374607,1,4.9
238,30,NaturalRes Corp,Raw Materials,Q2-2024,413626,422064,8438,0,Net-30,98.3,102.0,92.5,422064,1,4.6
239,30,NaturalRes Corp,Raw Materials,Q3-2024,413626,435526,21900,0,Net-30,96.2,105.3,88.3,435526,0,3.9
240,30,NaturalRes Corp,Raw Materials,Q4-2024,413626,386977,-26649,26649,Net-30,99.0,93.6,91.8,386977,1,3.4
241,31,Quantum IT Group,IT Services,Q1-2023,730099,723243,-6856,6856,Net-30,98.8,99.1,94.4,723243,0,5.2
242,31,Quantum IT Group,IT Services,Q2-2023,730099,751670,21571,0,Net-30,98.5,103.0,95.3,751670,1,4.1
243,31,Quantum IT Group,IT Services,Q3-2023,730099,699912,-30187,30187,Net-30,96.9,95.9,94.0,699912,1,5.4
244,31,Quantum IT Group,IT Services,Q4-2023,730099,689521,-40578,40578,Net-30,98.7,94.4,88.6,689521,0,3.6
245,31,Quantum IT Group,IT Services,Q1-2024,730099,723677,-6422,6422,Net-30,98.8,99.1,89.2,723677,1,3.8
246,31,Quantum IT Group,IT Services,Q2-2024,730099,787295,57196,0,Net-30,96.1,107.8,90.1,787295,1,2.9
247,31,Quantum IT Group,IT Services,Q3-2024,730099,691727,-38372,38372,Net-30,98.5,94.7,88.4,691727,0,3.1
248,31,Quantum IT Group,IT Services,Q4-2024,730099,765028,34929,0,Net-30,96.6,104.8,88.7,765028,1,4.1
249,32,GlobalLink Logistics,Logistics,Q1-2023,86019,79535,-6484,6484,Net-45,90.0,92.5,74.0,79535,1,0.6
250,32,GlobalLink Logistics,Logistics,Q2-2023,86019,79960,-6059,6059,Net-45,90.9,93.0,74.9,79960,4,0.6
251,32,GlobalLink Logistics,Logistics,Q3-2023,86019,90026,4007,0,Net-45,90.7,104.7,68.1,90026,2,2.3
252,32,GlobalLink Logistics,Logistics,Q4-2023,86019,78686,-7333,7333,Net-45,91.6,91.5,73.0,78686,1,1.3
253,32,GlobalLink Logistics,Logistics,Q1-2024,86019,85476,-543,543,Net-45,89.3,99.4,81.8,85476,4,1.0
254,32,GlobalLink Logistics,Logistics,Q2-2024,86019,85541,-478,478,Net-45,93.6,99.4,75.7,85541,4,1.4
255,32,GlobalLink Logistics,Logistics,Q3-2024,86019,94009,7990,0,Net-45,88.5,109.3,76.7,94009,4,1.5
256,32,GlobalLink Logistics,Logistics,Q4-2024,86019,80500,-5519,5519,Net-45,92.7,93.6,82.4,80500,4,2.4
257,33,Summit Manufacturing,Manufacturing,Q1-2023,140058,123719,-16339,16339,Net-45,92.0,88.3,68.4,123719,2,2.2
258,33,Summit Manufacturing,Manufacturing,Q2-2023,140058,130513,-9545,9545,Net-45,88.3,93.2,68.5,130513,2,1.3
259,33,Summit Manufacturing,Manufacturing,Q3-2023,140058,131782,-8276,8276,Net-45,90.2,94.1,82.7,131782,1,1.6
260,33,Summit Manufacturing,Manufacturing,Q4-2023,140058,148671,8613,0,Net-45,92.9,106.1,79.2,148671,2,0.7
261,33,Summit Manufacturing,Manufacturing,Q1-2024,140058,156573,16515,0,Net-45,91.1,111.8,83.6,156573,2,0.7
262,33,Summit Manufacturing,Manufacturing,Q2-2024,140058,137362,-2696,2696,Net-45,92.4,98.1,77.4,137362,2,1.6
263,33,Summit Manufacturing,Manufacturing,Q3-2024,140058,147547,7489,0,Net-45,92.0,105.3,81.9,147547,3,1.8
264,33,Summit Manufacturing,Manufacturing,Q4-2024,140058,142244,2186,0,Net-45,88.6,101.6,72.8,142244,1,1.0
265,34,Insight Consulting,Consulting,Q1-2023,361527,397437,35910,0,Net-45,90.0,109.9,71.9,397437,2,1.2
266,34,Insight Consulting,Consulting,Q2-2023,361527,346897,-14630,14630,Net-45,89.8,96.0,79.5,346897,1,1.3
267,34,Insight Consulting,Consulting,Q3-2023,361527,366246,4719,0,Net-45,89.3,101.3,70.6,366246,2,1.5
268,34,Insight Consulting,Consulting,Q4-2023,361527,382925,21398,0,Net-45,94.3,105.9,82.1,382925,1,1.9
269,34,Insight Consulting,Consulting,Q1-2024,361527,396899,35372,0,Net-45,95.7,109.8,75.4,396899,1,0.6
270,34,Insight Consulting,Consulting,Q2-2024,361527,333957,-27570,27570,Net-45,91.6,92.4,77.4,333957,1,1.8
271,34,Insight Consulting,Consulting,Q3-2024,361527,350454,-11073,11073,Net-45,89.2,96.9,74.4,350454,4,0.8
272,34,Insight Consulting,Consulting,Q4-2024,361527,372009,10482,0,Net-45,89.3,102.9,72.3,372009,1,0.9
273,35,PureSource Materials,Raw Materials,Q1-2023,219893,196820,-23073,23073,Net-45,90.2,89.5,77.3,196820,3,2.1
274,35,PureSource Materials,Raw Materials,Q2-2023,219893,216812,-3081,3081,Net-45,95.8,98.6,81.8,216812,2,1.5
275,35,PureSource Materials,Raw Materials,Q3-2023,219893,206930,-12963,12963,Net-45,95.4,94.1,75.7,206930,1,1.2
276,35,PureSource Materials,Raw Materials,Q4-2023,219893,244256,24363,0,Net-45,95.0,111.1,75.5,244256,4,1.3
277,35,PureSource Materials,Raw Materials,Q1-2024,219893,220936,1043,0,Net-45,94.2,100.5,75.6,220936,2,1.9
278,35,PureSource Materials,Raw Materials,Q2-2024,219893,218957,-936,936,Net-45,94.9,99.6,74.0,218957,3,1.6
279,35,PureSource Materials,Raw Materials,Q3-2024,219893,239397,19504,0,Net-45,93.3,108.9,82.1,239397,2,1.3
280,35,PureSource Materials,Raw Materials,Q4-2024,219893,206802,-13091,13091,Net-45,90.0,94.0,77.2,206802,1,1.7
281,36,InnovateTech Ltd,IT Services,Q1-2023,822097,836831,14734,0,Net-30,97.4,101.8,94.8,836831,1,4.2
282,36,InnovateTech Ltd,IT Services,Q2-2023,822097,767280,-54817,54817,Net-30,98.2,93.3,91.3,767280,0,4.1
283,36,InnovateTech Ltd,IT Services,Q3-2023,822097,763611,-58486,58486,Net-30,98.4,92.9,90.8,763611,0,3.5
284,36,InnovateTech Ltd,IT Services,Q4-2023,822097,756298,-65799,65799,Net-30,99.0,92.0,90.8,756298,0,4.2
285,36,InnovateTech Ltd,IT Services,Q1-2024,822097,765556,-56541,56541,Net-30,98.4,93.1,87.2,765556,1,5.3
286,36,InnovateTech Ltd,IT Services,Q2-2024,822097,781782,-40315,40315,Net-30,97.4,95.1,86.3,781782,0,3.9
287,36,InnovateTech Ltd,IT Services,Q3-2024,822097,797356,-24741,24741,Net-30,98.8,97.0,95.7,797356,0,4.9
288,36,InnovateTech Ltd,IT Services,Q4-2024,822097,866903,44806,0,Net-30,98.2,105.5,92.7,866903,0,4.2
289,37,AirCargo Express,Logistics,Q1-2023,79242,88672,9430,0,Net-60,84.7,111.9,42.7,88672,8,0.0
290,37,AirCargo Express,Logistics,Q2-2023,79242,88787,9545,0,Net-60,81.0,112.0,40.2,88787,10,0.0
291,37,AirCargo Express,Logistics,Q3-2023,79242,94515,15273,0,Net-60,86.2,119.3,40.2,94515,7,0.0
292,37,AirCargo Express,Logistics,Q4-2023,79242,67800,-11442,11442,Net-60,78.8,85.6,54.1,67800,11,0.0
293,37,AirCargo Express,Logistics,Q1-2024,79242,81848,2606,0,Net-60,73.3,103.3,63.9,81848,11,0.0
294,37,AirCargo Express,Logistics,Q2-2024,79242,70999,-8243,8243,Net-60,87.4,89.6,61.5,70999,10,0.0
295,37,AirCargo Express,Logistics,Q3-2024,79242,68286,-10956,10956,Net-60,81.2,86.2,44.2,68286,11,0.0
296,37,AirCargo Express,Logistics,Q4-2024,79242,67922,-11320,11320,Net-60,77.4,85.7,48.3,67922,10,0.0
297,38,PowerForge Mfg,Manufacturing,Q1-2023,233878,207331,-26547,26547,Net-45,91.8,88.6,76.8,207331,2,1.3
298,38,PowerForge Mfg,Manufacturing,Q2-2023,233878,232496,-1382,1382,Net-45,92.1,99.4,73.3,232496,1,1.6
299,38,PowerForge Mfg,Manufacturing,Q3-2023,233878,227547,-6331,6331,Net-45,89.4,97.3,81.6,227547,2,0.5
300,38,PowerForge Mfg,Manufacturing,Q4-2023,233878,250651,16773,0,Net-45,94.6,107.2,78.4,250651,3,2.0
301,38,PowerForge Mfg,Manufacturing,Q1-2024,233878,228348,-5530,5530,Net-45,94.7,97.6,70.6,228348,4,2.2
302,38,PowerForge Mfg,Manufacturing,Q2-2024,233878,258772,24894,0,Net-45,94.5,110.6,77.0,258772,1,2.2
303,38,PowerForge Mfg,Manufacturing,Q3-2024,233878,250958,17080,0,Net-45,94.6,107.3,77.4,250958,1,1.8
304,38,PowerForge Mfg,Manufacturing,Q4-2024,233878,259343,25465,0,Net-45,95.9,110.9,72.5,259343,2,1.3
305,39,Clarity Consulting,Consulting,Q1-2023,91460,83491,-7969,7969,Net-60,81.7,91.3,42.0,83491,7,0.0
306,39,Clarity Consulting,Consulting,Q2-2023,91460,103725,12265,0,Net-60,79.5,113.4,54.0,103725,11,0.0
307,39,Clarity Consulting,Consulting,Q3-2023,91460,106008,14548,0,Net-60,84.4,115.9,62.0,106008,10,0.0
308,39,Clarity Consulting,Consulting,Q4-2023,91460,102540,11080,0,Net-60,78.6,112.1,36.4,102540,4,0.0
309,39,Clarity Consulting,Consulting,Q1-2024,91460,105468,14008,0,Net-60,81.6,115.3,61.1,105468,6,0.0
310,39,Clarity Consulting,Consulting,Q2-2024,91460,78707,-12753,12753,Net-60,87.5,86.1,54.4,78707,6,0.0
311,39,Clarity Consulting,Consulting,Q3-2024,91460,107737,16277,0,Net-60,78.3,117.8,39.0,107737,5,0.0
312,39,Clarity Consulting,Consulting,Q4-2024,91460,103493,12033,0,Net-60,76.3,113.2,53.9,103493,14,0.0
313,40,GoldMine Resources,Raw Materials,Q1-2023,625763,675635,49872,0,Net-30,96.0,108.0,95.2,675635,0,5.1
314,40,GoldMine Resources,Raw Materials,Q2-2023,625763,630394,4631,0,Net-30,97.3,100.7,87.9,630394,0,5.3
315,40,GoldMine Resources,Raw Materials,Q3-2023,625763,631901,6138,0,Net-30,97.3,101.0,92.6,631901,0,4.6
316,40,GoldMine Resources,Raw Materials,Q4-2023,625763,619644,-6119,6119,Net-30,98.4,99.0,94.1,619644,1,4.0
317,40,GoldMine Resources,Raw Materials,Q1-2024,625763,602866,-22897,22897,Net-30,97.3,96.3,86.7,602866,1,3.8
318,40,GoldMine Resources,Raw Materials,Q2-2024,625763,654062,28299,0,Net-30,96.3,104.5,94.0,654062,1,4.5
319,40,GoldMine Resources,Raw Materials,Q3-2024,625763,647495,21732,0,Net-30,99.4,103.5,89.2,647495,1,5.3
320,40,GoldMine Resources,Raw Materials,Q4-2024,625763,609163,-16600,16600,Net-30,97.1,97.3,95.7,609163,0,4.0
321,41,SkyNet IT Services,IT Services,Q1-2023,153402,148338,-5064,5064,Net-30,97.8,96.7,93.9,148338,0,2.8
322,41,SkyNet IT Services,IT Services,Q2-2023,153402,152638,-764,764,Net-30,97.4,99.5,88.2,152638,0,4.6
323,41,SkyNet IT Services,IT Services,Q3-2023,153402,142115,-11287,11287,Net-30,98.3,92.6,93.0,142115,0,2.9
324,41,SkyNet IT Services,IT Services,Q4-2023,153402,160470,7068,0,Net-30,98.1,104.6,94.2,160470,1,4.9
325,41,SkyNet IT Services,IT Services,Q1-2024,153402,141801,-11601,11601,Net-30,96.6,92.4,91.3,141801,0,4.3
326,41,SkyNet IT Services,IT Services,Q2-2024,153402,155247,1845,0,Net-30,99.3,101.2,95.7,155247,1,5.1
327,41,SkyNet IT Services,IT Services,Q3-2024,153402,141699,-11703,11703,Net-30,99.3,92.4,86.1,141699,1,5.4
328,41,SkyNet IT Services,IT Services,Q4-2024,153402,159171,5769,0,Net-30,96.9,103.8,86.3,159171,1,2.7
329,42,TruckPro Logistics,Logistics,Q1-2023,426183,434232,8049,0,Net-30,97.7,101.9,90.5,434232,0,3.8
330,42,TruckPro Logistics,Logistics,Q2-2023,426183,442004,15821,0,Net-30,96.7,103.7,85.4,442004,1,3.4
331,42,TruckPro Logistics,Logistics,Q3-2023,426183,404665,-21518,21518,Net-30,97.5,95.0,89.6,404665,0,5.5
332,42,TruckPro Logistics,Logistics,Q4-2023,426183,451445,25262,0,Net-30,96.2,105.9,95.1,451445,1,3.6
333,42,TruckPro Logistics,Logistics,Q1-2024,426183,401891,-24292,24292,Net-30,97.2,94.3,91.7,401891,1,4.0
334,42,TruckPro Logistics,Logistics,Q2-2024,426183,425343,-840,840,Net-30,96.9,99.8,92.4,425343,0,5.3
335,42,TruckPro Logistics,Logistics,Q3-2024,426183,421300,-4883,4883,Net-30,98.5,98.9,90.9,421300,0,3.2
336,42,TruckPro Logistics,Logistics,Q4-2024,426183,438172,11989,0,Net-30,97.3,102.8,93.1,438172,0,5.2
337,43,Alliance Manufacturing,Manufacturing,Q1-2023,674902,655925,-18977,18977,Net-30,97.9,97.2,91.7,655925,0,3.6
338,43,Alliance Manufacturing,Manufacturing,Q2-2023,674902,693579,18677,0,Net-30,96.5,102.8,95.8,693579,0,4.0
339,43,Alliance Manufacturing,Manufacturing,Q3-2023,674902,613902,-61000,61000,Net-30,98.1,91.0,86.3,613902,0,5.0
340,43,Alliance Manufacturing,Manufacturing,Q4-2023,674902,683849,8947,0,Net-30,98.4,101.3,89.2,683849,0,4.2
341,43,Alliance Manufacturing,Manufacturing,Q1-2024,674902,649069,-25833,25833,Net-30,98.3,96.2,93.8,649069,0,2.6
342,43,Alliance Manufacturing,Manufacturing,Q2-2024,674902,717351,42449,0,Net-30,97.0,106.3,85.6,717351,1,4.8
343,43,Alliance Manufacturing,Manufacturing,Q3-2024,674902,716187,41285,0,Net-30,98.9,106.1,91.3,716187,1,4.9
344,43,Alliance Manufacturing,Manufacturing,Q4-2024,674902,623480,-51422,51422,Net-30,96.8,92.4,85.8,623480,1,3.6
345,44,Vision Consulting,Consulting,Q1-2023,337330,358683,21353,0,Net-30,99.2,106.3,89.4,358683,1,3.6
346,44,Vision Consulting,Consulting,Q2-2023,337330,335833,-1497,1497,Net-30,98.2,99.6,87.4,335833,1,3.0
347,44,Vision Consulting,Consulting,Q3-2023,337330,318003,-19327,19327,Net-30,96.6,94.3,93.3,318003,0,3.6
348,44,Vision Consulting,Consulting,Q4-2023,337330,338479,1149,0,Net-30,98.5,100.3,95.6,338479,0,4.0
349,44,Vision Consulting,Consulting,Q1-2024,337330,323129,-14201,14201,Net-30,97.0,95.8,92.6,323129,0,2.8
350,44,Vision Consulting,Consulting,Q2-2024,337330,341888,4558,0,Net-30,97.2,101.4,94.3,341888,1,3.7
351,44,Vision Consulting,Consulting,Q3-2024,337330,339854,2524,0,Net-30,97.1,100.7,95.7,339854,1,5.0
352,44,Vision Consulting,Consulting,Q4-2024,337330,329285,-8045,8045,Net-30,96.1,97.6,85.7,329285,0,3.6
353,45,EarthCore Supplies,Raw Materials,Q1-2023,682342,614644,-67698,67698,Net-30,98.8,90.1,90.8,614644,0,3.0
354,45,EarthCore Supplies,Raw Materials,Q2-2023,682342,639801,-42541,42541,Net-30,99.4,93.8,86.1,639801,1,5.5
355,45,EarthCore Supplies,Raw Materials,Q3-2023,682342,620791,-61551,61551,Net-30,99.4,91.0,89.5,620791,0,5.2
356,45,EarthCore Supplies,Raw Materials,Q4-2023,682342,638034,-44308,44308,Net-30,97.9,93.5,85.5,638034,1,4.7
357,45,EarthCore Supplies,Raw Materials,Q1-2024,682342,672331,-10011,10011,Net-30,96.4,98.5,89.0,672331,0,5.1
358,45,EarthCore Supplies,Raw Materials,Q2-2024,682342,700877,18535,0,Net-30,99.5,102.7,87.0,700877,0,3.2
359,45,EarthCore Supplies,Raw Materials,Q3-2024,682342,662596,-19746,19746,Net-30,96.6,97.1,95.3,662596,1,5.1
360,45,EarthCore Supplies,Raw Materials,Q4-2024,682342,619848,-62494,62494,Net-30,96.2,90.8,93.8,619848,0,3.1
361,46,DataForce Inc,IT Services,Q1-2023,135789,139199,3410,0,Net-45,94.9,102.5,73.5,139199,4,2.3
362,46,DataForce Inc,IT Services,Q2-2023,135789,138018,2229,0,Net-45,89.0,101.6,80.6,138018,2,0.8
363,46,DataForce Inc,IT Services,Q3-2023,135789,133589,-2200,2200,Net-45,91.7,98.4,82.2,133589,2,2.3
364,46,DataForce Inc,IT Services,Q4-2023,135789,129230,-6559,6559,Net-45,88.4,95.2,77.8,129230,1,1.1
365,46,DataForce Inc,IT Services,Q1-2024,135789,122258,-13531,13531,Net-45,92.0,90.0,74.9,122258,3,0.8
366,46,DataForce Inc,IT Services,Q2-2024,135789,123983,-11806,11806,Net-45,88.3,91.3,76.1,123983,4,2.0
367,46,DataForce Inc,IT Services,Q3-2024,135789,148272,12483,0,Net-45,90.1,109.2,71.3,148272,1,1.6
368,46,DataForce Inc,IT Services,Q4-2024,135789,141635,5846,0,Net-45,93.6,104.3,77.9,141635,1,2.1
369,47,OceanFreight Ltd,Logistics,Q1-2023,236471,253522,17051,0,Net-45,89.1,107.2,82.3,253522,4,1.9
370,47,OceanFreight Ltd,Logistics,Q2-2023,236471,261134,24663,0,Net-45,92.5,110.4,68.1,261134,1,1.3
371,47,OceanFreight Ltd,Logistics,Q3-2023,236471,260262,23791,0,Net-45,94.6,110.1,74.4,260262,3,1.4
372,47,OceanFreight Ltd,Logistics,Q4-2023,236471,252041,15570,0,Net-45,92.4,106.6,76.7,252041,2,1.5
373,47,OceanFreight Ltd,Logistics,Q1-2024,236471,212466,-24005,24005,Net-45,94.0,89.8,81.9,212466,3,1.8
374,47,OceanFreight Ltd,Logistics,Q2-2024,236471,247067,10596,0,Net-45,95.8,104.5,75.1,247067,2,0.6
375,47,OceanFreight Ltd,Logistics,Q3-2024,236471,240667,4196,0,Net-45,88.8,101.8,79.7,240667,4,1.0
376,47,OceanFreight Ltd,Logistics,Q4-2024,236471,260693,24222,0,Net-45,90.8,110.2,75.5,260693,3,1.2
377,48,CraftWorks Mfg,Manufacturing,Q1-2023,346161,347907,1746,0,Net-45,88.6,100.5,69.7,347907,3,1.1
378,48,CraftWorks Mfg,Manufacturing,Q2-2023,346161,347182,1021,0,Net-45,94.7,100.3,76.6,347182,1,0.9
379,48,CraftWorks Mfg,Manufacturing,Q3-2023,346161,343665,-2496,2496,Net-45,91.3,99.3,81.0,343665,4,1.5
380,48,CraftWorks Mfg,Manufacturing,Q4-2023,346161,319024,-27137,27137,Net-45,92.3,92.2,82.0,319024,1,1.8
381,48,CraftWorks Mfg,Manufacturing,Q1-2024,346161,368605,22444,0,Net-45,89.1,106.5,76.9,368605,4,1.7
382,48,CraftWorks Mfg,Manufacturing,Q2-2024,346161,329448,-16713,16713,Net-45,91.0,95.2,76.2,329448,2,1.4
383,48,CraftWorks Mfg,Manufacturing,Q3-2024,346161,323129,-23032,23032,Net-45,94.1,93.3,74.9,323129,3,1.0
384,48,CraftWorks Mfg,Manufacturing,Q4-2024,346161,371811,25650,0,Net-45,92.8,107.4,72.5,371811,1,0.9
385,49,Summit Advisors,Consulting,Q1-2023,788551,754006,-34545,34545,Net-30,97.0,95.6,89.0,754006,1,2.7
386,49,Summit Advisors,Consulting,Q2-2023,788551,814421,25870,0,Net-30,97.8,103.3,91.7,814421,0,3.7
387,49,Summit Advisors,Consulting,Q3-2023,788551,842772,54221,0,Net-30,99.4,106.9,89.0,842772,0,4.8
388,49,Summit Advisors,Consulting,Q4-2023,788551,769309,-19242,19242,Net-30,96.7,97.6,94.3,769309,0,5.2
389,49,Summit Advisors,Consulting,Q1-2024,788551,722793,-65758,65758,Net-30,97.8,91.7,89.2,722793,0,3.4
390,49,Summit Advisors,Consulting,Q2-2024,788551,793968,5417,0,Net-30,97.6,100.7,86.3,793968,0,2.6
391,49,Summit Advisors,Consulting,Q3-2024,788551,734005,-54546,54546,Net-30,97.1,93.1,91.0,734005,0,5.2
392,49,Summit Advisors,Consulting,Q4-2024,788551,775842,-12709,12709,Net-30,98.8,98.4,87.2,775842,1,5.1
393,50,RockBase Materials,Raw Materials,Q1-2023,358573,363011,4438,0,Net-30,96.2,101.2,91.6,363011,0,4.0
394,50,RockBase Materials,Raw Materials,Q2-2023,358573,368684,10111,0,Net-30,97.8,102.8,94.5,368684,0,3.7
395,50,RockBase Materials,Raw Materials,Q3-2023,358573,361034,2461,0,Net-30,97.9,100.7,95.2,361034,0,4.4
396,50,RockBase Materials,Raw Materials,Q4-2023,358573,373326,14753,0,Net-30,99.2,104.1,95.6,373326,0,3.9
397,50,RockBase Materials,Raw Materials,Q1-2024,358573,353764,-4809,4809,Net-30,97.0,98.7,94.3,353764,1,3.9
398,50,RockBase Materials,Raw Materials,Q2-2024,358573,368790,10217,0,Net-30,98.7,102.8,87.1,368790,1,4.9
399,50,RockBase Materials,Raw Materials,Q3-2024,358573,370461,11888,0,Net-30,97.2,103.3,93.4,370461,0,3.6
400,50,RockBase Materials,Raw Materials,Q4-2024,358573,356588,-1985,1985,Net-30,96.9,99.4,90.9,356588,0,2.7
401,51,ByteWise Solutions,IT Services,Q1-2023,148019,162162,14143,0,Net-60,75.2,109.6,44.7,162162,14,0.0
402,51,ByteWise Solutions,IT Services,Q2-2023,148019,164342,16323,0,Net-60,86.1,111.0,59.1,164342,13,0.0
403,51,ByteWise Solutions,IT Services,Q3-2023,148019,176396,28377,0,Net-60,85.7,119.2,37.0,176396,7,0.0
404,51,ByteWise Solutions,IT Services,Q4-2023,148019,151647,3628,0,Net-60,79.2,102.5,56.1,151647,9,0.0
405,51,ByteWise Solutions,IT Services,Q1-2024,148019,154805,6786,0,Net-60,80.9,104.6,54.3,154805,6,0.0
406,51,ByteWise Solutions,IT Services,Q2-2024,148019,170087,22068,0,Net-60,80.6,114.9,35.7,170087,12,0.0
407,51,ByteWise Solutions,IT Services,Q3-2024,148019,150214,2195,0,Net-60,82.1,101.5,37.5,150214,6,0.0
408,51,ByteWise Solutions,IT Services,Q4-2024,148019,131769,-16250,16250,Net-60,86.4,89.0,47.1,131769,4,0.0
409,52,LogiTrack Systems,Logistics,Q1-2023,164698,180163,15465,0,Net-45,93.6,109.4,81.1,180163,3,1.4
410,52,LogiTrack Systems,Logistics,Q2-2023,164698,184312,19614,0,Net-45,96.0,111.9,68.5,184312,4,1.7
411,52,LogiTrack Systems,Logistics,Q3-2023,164698,174544,9846,0,Net-45,89.5,106.0,77.6,174544,2,1.3
412,52,LogiTrack Systems,Logistics,Q4-2023,164698,150450,-14248,14248,Net-45,95.6,91.3,81.4,150450,2,0.9
413,52,LogiTrack Systems,Logistics,Q1-2024,164698,166446,1748,0,Net-45,95.1,101.1,68.3,166446,4,0.6
414,52,LogiTrack Systems,Logistics,Q2-2024,164698,156968,-7730,7730,Net-45,89.3,95.3,69.0,156968,3,1.2
415,52,LogiTrack Systems,Logistics,Q3-2024,164698,150473,-14225,14225,Net-45,91.9,91.4,77.1,150473,1,2.2
416,52,LogiTrack Systems,Logistics,Q4-2024,164698,169139,4441,0,Net-45,91.0,102.7,72.8,169139,2,2.1
417,53,FusionParts Mfg,Manufacturing,Q1-2023,715579,746139,30560,0,Net-30,96.2,104.3,95.3,746139,0,5.3
418,53,FusionParts Mfg,Manufacturing,Q2-2023,715579,714777,-802,802,Net-30,97.6,99.9,87.8,714777,0,4.7
419,53,FusionParts Mfg,Manufacturing,Q3-2023,715579,732463,16884,0,Net-30,96.4,102.4,90.8,732463,0,3.1
420,53,FusionParts Mfg,Manufacturing,Q4-2023,715579,732665,17086,0,Net-30,97.7,102.4,87.1,732665,1,4.0
421,53,FusionParts Mfg,Manufacturing,Q1-2024,715579,737158,21579,0,Net-30,98.0,103.0,87.8,737158,0,3.0
422,53,FusionParts Mfg,Manufacturing,Q2-2024,715579,747089,31510,0,Net-30,98.2,104.4,89.7,747089,1,5.0
423,53,FusionParts Mfg,Manufacturing,Q3-2024,715579,714595,-984,984,Net-30,99.2,99.9,87.9,714595,1,3.7
424,53,FusionParts Mfg,Manufacturing,Q4-2024,715579,669169,-46410,46410,Net-30,98.4,93.5,88.2,669169,1,3.0
425,54,Elite Strategy Group,Consulting,Q1-2023,358058,323951,-34107,34107,Net-45,94.9,90.5,81.6,323951,2,2.1
426,54,Elite Strategy Group,Consulting,Q2-2023,358058,317799,-40259,40259,Net-45,91.0,88.8,83.4,317799,2,2.1
427,54,Elite Strategy Group,Consulting,Q3-2023,358058,332942,-25116,25116,Net-45,89.8,93.0,74.1,332942,2,0.8
428,54,Elite Strategy Group,Consulting,Q4-2023,358058,336932,-21126,21126,Net-45,90.4,94.1,80.9,336932,3,0.5
429,54,Elite Strategy Group,Consulting,Q1-2024,358058,359089,1031,0,Net-45,92.7,100.3,75.3,359089,2,2.1
430,54,Elite Strategy Group,Consulting,Q2-2024,358058,371968,13910,0,Net-45,89.9,103.9,73.4,371968,2,2.3
431,54,Elite Strategy Group,Consulting,Q3-2024,358058,343665,-14393,14393,Net-45,91.0,96.0,69.0,343665,4,0.7
432,54,Elite Strategy Group,Consulting,Q4-2024,358058,400391,42333,0,Net-45,91.5,111.8,80.2,400391,3,0.9
433,55,CoreMin Resources,Raw Materials,Q1-2023,150599,141188,-9411,9411,Net-30,99.1,93.8,93.2,141188,1,5.2
434,55,CoreMin Resources,Raw Materials,Q2-2023,150599,146064,-4535,4535,Net-30,96.3,97.0,92.7,146064,0,4.4
435,55,CoreMin Resources,Raw Materials,Q3-2023,150599,144322,-6277,6277,Net-30,98.6,95.8,89.5,144322,1,2.9
436,55,CoreMin Resources,Raw Materials,Q4-2023,150599,151539,940,0,Net-30,97.2,100.6,85.9,151539,0,4.5
437,55,CoreMin Resources,Raw Materials,Q1-2024,150599,137935,-12664,12664,Net-30,97.3,91.6,94.1,137935,0,4.1
438,55,CoreMin Resources,Raw Materials,Q2-2024,150599,148604,-1995,1995,Net-30,98.0,98.7,95.8,148604,0,4.8
439,55,CoreMin Resources,Raw Materials,Q3-2024,150599,147521,-3078,3078,Net-30,98.9,98.0,87.3,147521,0,3.9
440,55,CoreMin Resources,Raw Materials,Q4-2024,150599,151399,800,0,Net-30,97.4,100.5,92.3,151399,1,4.4
441,56,NetSphere Technologies,IT Services,Q1-2023,778038,753910,-24128,24128,Net-30,96.1,96.9,87.4,753910,1,2.8
442,56,NetSphere Technologies,IT Services,Q2-2023,778038,724015,-54023,54023,Net-30,98.0,93.1,93.4,724015,0,3.3
443,56,NetSphere Technologies,IT Services,Q3-2023,778038,766930,-11108,11108,Net-30,98.8,98.6,91.0,766930,0,2.7
444,56,NetSphere Technologies,IT Services,Q4-2023,778038,761037,-17001,17001,Net-30,97.4,97.8,92.8,761037,1,2.6
445,56,NetSphere Technologies,IT Services,Q1-2024,778038,792127,14089,0,Net-30,98.0,101.8,95.2,792127,0,2.6
446,56,NetSphere Technologies,IT Services,Q2-2024,778038,822939,44901,0,Net-30,96.9,105.8,88.3,822939,0,2.7
447,56,NetSphere Technologies,IT Services,Q3-2024,778038,710694,-67344,67344,Net-30,96.3,91.3,85.9,710694,0,4.6
448,56,NetSphere Technologies,IT Services,Q4-2024,778038,769629,-8409,8409,Net-30,99.5,98.9,94.5,769629,0,4.2
449,57,SeaRoute Logistics,Logistics,Q1-2023,249951,227109,-22842,22842,Net-45,91.9,90.9,77.7,227109,3,1.5
450,57,SeaRoute Logistics,Logistics,Q2-2023,249951,237627,-12324,12324,Net-45,88.6,95.1,77.8,237627,2,0.7
451,57,SeaRoute Logistics,Logistics,Q3-2023,249951,237130,-12821,12821,Net-45,88.4,94.9,73.4,237130,1,1.8
452,57,SeaRoute Logistics,Logistics,Q4-2023,249951,231087,-18864,18864,Net-45,90.6,92.5,73.0,231087,3,1.2
453,57,SeaRoute Logistics,Logistics,Q1-2024,249951,268471,18520,0,Net-45,95.3,107.4,76.1,268471,3,2.4
454,57,SeaRoute Logistics,Logistics,Q2-2024,249951,226314,-23637,23637,Net-45,93.3,90.5,80.5,226314,4,2.4
455,57,SeaRoute Logistics,Logistics,Q3-2024,249951,263413,13462,0,Net-45,90.9,105.4,82.0,263413,4,0.7
456,57,SeaRoute Logistics,Logistics,Q4-2024,249951,259184,9233,0,Net-45,95.6,103.7,68.6,259184,1,2.0
457,58,AutoPrecision Mfg,Manufacturing,Q1-2023,336170,296106,-40064,40064,Net-45,93.4,88.1,69.6,296106,4,1.4
458,58,AutoPrecision Mfg,Manufacturing,Q2-2023,336170,336291,121,0,Net-45,92.4,100.0,72.5,336291,2,2.1
459,58,AutoPrecision Mfg,Manufacturing,Q3-2023,336170,324707,-11463,11463,Net-45,88.3,96.6,77.7,324707,1,2.0
460,58,AutoPrecision Mfg,Manufacturing,Q4-2023,336170,371348,35178,0,Net-45,94.2,110.5,80.3,371348,3,2.1
461,58,AutoPrecision Mfg,Manufacturing,Q1-2024,336170,331061,-5109,5109,Net-45,92.8,98.5,70.0,331061,4,0.5
462,58,AutoPrecision Mfg,Manufacturing,Q2-2024,336170,346018,9848,0,Net-45,90.7,102.9,76.2,346018,2,1.0
463,58,AutoPrecision Mfg,Manufacturing,Q3-2024,336170,328908,-7262,7262,Net-45,92.1,97.8,68.4,328908,1,2.4
464,58,AutoPrecision Mfg,Manufacturing,Q4-2024,336170,353143,16973,0,Net-45,88.9,105.0,78.6,353143,4,1.0
465,59,BrightMind Consulting,Consulting,Q1-2023,170422,181532,11110,0,Net-30,97.9,106.5,93.6,181532,0,4.8
466,59,BrightMind Consulting,Consulting,Q2-2023,170422,161916,-8506,8506,Net-30,98.2,95.0,86.7,161916,1,2.5
467,59,BrightMind Consulting,Consulting,Q3-2023,170422,154867,-15555,15555,Net-30,97.3,90.9,88.5,154867,0,3.2
468,59,BrightMind Consulting,Consulting,Q4-2023,170422,155500,-14922,14922,Net-30,98.2,91.2,93.0,155500,0,4.3
469,59,BrightMind Consulting,Consulting,Q1-2024,170422,161642,-8780,8780,Net-30,97.9,94.8,86.5,161642,0,4.0
470,59,BrightMind Consulting,Consulting,Q2-2024,170422,161782,-8640,8640,Net-30,96.9,94.9,88.6,161782,0,5.0
471,59,BrightMind Consulting,Consulting,Q3-2024,170422,154263,-16159,16159,Net-30,97.0,90.5,96.0,154263,1,4.4
472,59,BrightMind Consulting,Consulting,Q4-2024,170422,171779,1357,0,Net-30,97.9,100.8,87.5,171779,0,2.9
473,60,TerraFlex Supplies,Raw Materials,Q1-2023,138650,151353,12703,0,Net-45,90.4,109.2,70.1,151353,4,1.5
474,60,TerraFlex Supplies,Raw Materials,Q2-2023,138650,152133,13483,0,Net-45,89.7,109.7,74.3,152133,2,1.9
475,60,TerraFlex Supplies,Raw Materials,Q3-2023,138650,126042,-12608,12608,Net-45,95.5,90.9,68.7,126042,1,0.7
476,60,TerraFlex Supplies,Raw Materials,Q4-2023,138650,130115,-8535,8535,Net-45,92.8,93.8,70.9,130115,4,0.7
477,60,TerraFlex Supplies,Raw Materials,Q1-2024,138650,150020,11370,0,Net-45,90.9,108.2,79.6,150020,4,2.2
478,60,TerraFlex Supplies,Raw Materials,Q2-2024,138650,131517,-7133,7133,Net-45,91.1,94.9,80.5,131517,2,1.2
479,60,TerraFlex Supplies,Raw Materials,Q3-2024,138650,131593,-7057,7057,Net-45,94.1,94.9,82.6,131593,1,2.4
480,60,TerraFlex Supplies,Raw Materials,Q4-2024,138650,136012,-2638,2638,Net-45,93.2,98.1,68.4,136012,3,2.1
481,61,PixelCloud IT,IT Services,Q1-2023,530612,539442,8830,0,Net-30,96.5,101.7,90.3,539442,0,2.6
482,61,PixelCloud IT,IT Services,Q2-2023,530612,523188,-7424,7424,Net-30,98.4,98.6,86.7,523188,0,4.4
483,61,PixelCloud IT,IT Services,Q3-2023,530612,539357,8745,0,Net-30,97.0,101.6,85.2,539357,1,3.9
484,61,PixelCloud IT,IT Services,Q4-2023,530612,564306,33694,0,Net-30,96.7,106.4,92.2,564306,0,4.3
485,61,PixelCloud IT,IT Services,Q1-2024,530612,523276,-7336,7336,Net-30,97.9,98.6,88.8,523276,0,5.2
486,61,PixelCloud IT,IT Services,Q2-2024,530612,490871,-39741,39741,Net-30,96.6,92.5,89.7,490871,0,5.1
487,61,PixelCloud IT,IT Services,Q3-2024,530612,554483,23871,0,Net-30,99.4,104.5,94.2,554483,1,4.8
488,61,PixelCloud IT,IT Services,Q4-2024,530612,570905,40293,0,Net-30,96.6,107.6,92.8,570905,1,3.7
489,62,SwiftCargo Networks,Logistics,Q1-2023,472451,425700,-46751,46751,Net-30,97.9,90.1,94.0,425700,1,2.9
490,62,SwiftCargo Networks,Logistics,Q2-2023,472451,460744,-11707,11707,Net-30,98.1,97.5,92.5,460744,0,2.9
491,62,SwiftCargo Networks,Logistics,Q3-2023,472451,462376,-10075,10075,Net-30,98.8,97.9,91.1,462376,0,4.6
492,62,SwiftCargo Networks,Logistics,Q4-2023,472451,425738,-46713,46713,Net-30,96.4,90.1,85.6,425738,1,4.3
493,62,SwiftCargo Networks,Logistics,Q1-2024,472451,450089,-22362,22362,Net-30,97.6,95.3,85.6,450089,0,3.4
494,62,SwiftCargo Networks,Logistics,Q2-2024,472451,458772,-13679,13679,Net-30,97.4,97.1,94.5,458772,0,3.1
495,62,SwiftCargo Networks,Logistics,Q3-2024,472451,509264,36813,0,Net-30,97.8,107.8,89.3,509264,0,4.1
496,62,SwiftCargo Networks,Logistics,Q4-2024,472451,489220,16769,0,Net-30,96.6,103.5,89.5,489220,1,4.6
497,63,HeavyDuty Mfg,Manufacturing,Q1-2023,401083,422472,21389,0,Net-30,96.5,105.3,89.6,422472,1,2.8
498,63,HeavyDuty Mfg,Manufacturing,Q2-2023,401083,379857,-21226,21226,Net-30,98.9,94.7,85.9,379857,0,2.8
499,63,HeavyDuty Mfg,Manufacturing,Q3-2023,401083,425923,24840,0,Net-30,99.3,106.2,93.3,425923,0,4.4
500,63,HeavyDuty Mfg,Manufacturing,Q4-2023,401083,365410,-35673,35673,Net-30,98.4,91.1,92.0,365410,1,3.2
501,63,HeavyDuty Mfg,Manufacturing,Q1-2024,401083,384057,-17026,17026,Net-30,97.8,95.8,86.2,384057,0,3.3
502,63,HeavyDuty Mfg,Manufacturing,Q2-2024,401083,427910,26827,0,Net-30,97.8,106.7,90.3,427910,0,3.6
503,63,HeavyDuty Mfg,Manufacturing,Q3-2024,401083,391607,-9476,9476,Net-30,98.0,97.6,88.9,391607,0,4.5
504,63,HeavyDuty Mfg,Manufacturing,Q4-2024,401083,365716,-35367,35367,Net-30,96.7,91.2,90.9,365716,0,3.8
505,64,Nexus Strategy Firm,Consulting,Q1-2023,110369,106786,-3583,3583,Net-45,91.2,96.8,80.4,106786,2,0.6
506,64,Nexus Strategy Firm,Consulting,Q2-2023,110369,118697,8328,0,Net-45,88.0,107.5,70.4,118697,4,2.2
507,64,Nexus Strategy Firm,Consulting,Q3-2023,110369,109812,-557,557,Net-45,91.0,99.5,73.1,109812,3,1.1
508,64,Nexus Strategy Firm,Consulting,Q4-2023,110369,103444,-6925,6925,Net-45,92.5,93.7,81.5,103444,2,0.9
509,64,Nexus Strategy Firm,Consulting,Q1-2024,110369,119497,9128,0,Net-45,95.6,108.3,76.0,119497,4,1.9
510,64,Nexus Strategy Firm,Consulting,Q2-2024,110369,121535,11166,0,Net-45,89.2,110.1,81.7,121535,1,1.1
511,64,Nexus Strategy Firm,Consulting,Q3-2024,110369,115079,4710,0,Net-45,93.0,104.3,74.8,115079,4,1.7
512,64,Nexus Strategy Firm,Consulting,Q4-2024,110369,106787,-3582,3582,Net-45,91.3,96.8,78.9,106787,4,1.0
513,65,AgriMat Resources,Raw Materials,Q1-2023,198729,218540,19811,0,Net-60,78.1,110.0,48.8,218540,8,0.0
514,65,AgriMat Resources,Raw Materials,Q2-2023,198729,174202,-24527,24527,Net-60,77.8,87.7,47.6,174202,13,0.0
515,65,AgriMat Resources,Raw Materials,Q3-2023,198729,174666,-24063,24063,Net-60,85.3,87.9,50.1,174666,5,0.0
516,65,AgriMat Resources,Raw Materials,Q4-2023,198729,187119,-11610,11610,Net-60,85.7,94.2,50.0,187119,13,0.0
517,65,AgriMat Resources,Raw Materials,Q1-2024,198729,188652,-10077,10077,Net-60,75.9,94.9,47.4,188652,13,0.0
518,65,AgriMat Resources,Raw Materials,Q2-2024,198729,179754,-18975,18975,Net-60,78.5,90.5,39.3,179754,11,0.0
519,65,AgriMat Resources,Raw Materials,Q3-2024,198729,180497,-18232,18232,Net-60,83.0,90.8,35.6,180497,8,0.0
520,65,AgriMat Resources,Raw Materials,Q4-2024,198729,223862,25133,0,Net-60,76.5,112.6,38.4,223862,13,0.0
521,66,CodeBridge Technologies,IT Services,Q1-2023,232582,211711,-20871,20871,Net-30,99.0,91.0,92.8,211711,0,2.5
522,66,CodeBridge Technologies,IT Services,Q2-2023,232582,211704,-20878,20878,Net-30,97.6,91.0,95.3,211704,0,2.6
523,66,CodeBridge Technologies,IT Services,Q3-2023,232582,250452,17870,0,Net-30,97.9,107.7,91.9,250452,1,2.6
524,66,CodeBridge Technologies,IT Services,Q4-2023,232582,218560,-14022,14022,Net-30,96.6,94.0,93.7,218560,0,4.5
525,66,CodeBridge Technologies,IT Services,Q1-2024,232582,212120,-20462,20462,Net-30,98.7,91.2,95.0,212120,1,5.1
526,66,CodeBridge Technologies,IT Services,Q2-2024,232582,250329,17747,0,Net-30,97.5,107.6,91.8,250329,0,4.2
527,66,CodeBridge Technologies,IT Services,Q3-2024,232582,240597,8015,0,Net-30,98.6,103.4,93.0,240597,0,3.9
528,66,CodeBridge Technologies,IT Services,Q4-2024,232582,230637,-1945,1945,Net-30,99.2,99.2,92.3,230637,0,4.5
529,67,PrimePath Logistics,Logistics,Q1-2023,124907,114759,-10148,10148,Net-45,91.5,91.9,68.2,114759,2,1.7
530,67,PrimePath Logistics,Logistics,Q2-2023,124907,121765,-3142,3142,Net-45,92.8,97.5,77.7,121765,2,1.0
531,67,PrimePath Logistics,Logistics,Q3-2023,124907,125970,1063,0,Net-45,91.5,100.9,74.1,125970,4,2.2
532,67,PrimePath Logistics,Logistics,Q4-2023,124907,132163,7256,0,Net-45,91.5,105.8,73.3,132163,1,0.6
533,67,PrimePath Logistics,Logistics,Q1-2024,124907,127612,2705,0,Net-45,92.3,102.2,81.5,127612,4,0.6
534,67,PrimePath Logistics,Logistics,Q2-2024,124907,133117,8210,0,Net-45,93.1,106.6,81.4,133117,3,2.4
535,67,PrimePath Logistics,Logistics,Q3-2024,124907,129181,4274,0,Net-45,95.0,103.4,78.3,129181,1,1.4
536,67,PrimePath Logistics,Logistics,Q4-2024,124907,132528,7621,0,Net-45,94.8,106.1,69.9,132528,2,2.2
537,68,MegaForge Industries,Manufacturing,Q1-2023,659597,595257,-64340,64340,Net-30,98.7,90.2,89.7,595257,0,3.9
538,68,MegaForge Industries,Manufacturing,Q2-2023,659597,705857,46260,0,Net-30,99.1,107.0,93.4,705857,0,5.4
539,68,MegaForge Industries,Manufacturing,Q3-2023,659597,642079,-17518,17518,Net-30,99.2,97.3,88.3,642079,0,3.5
540,68,MegaForge Industries,Manufacturing,Q4-2023,659597,638851,-20746,20746,Net-30,96.7,96.9,87.2,638851,1,3.2
541,68,MegaForge Industries,Manufacturing,Q1-2024,659597,635569,-24028,24028,Net-30,96.8,96.4,90.7,635569,0,4.5
542,68,MegaForge Industries,Manufacturing,Q2-2024,659597,636963,-22634,22634,Net-30,98.7,96.6,91.7,636963,1,3.3
543,68,MegaForge Industries,Manufacturing,Q3-2024,659597,709444,49847,0,Net-30,96.1,107.6,93.8,709444,1,4.3
544,68,MegaForge Industries,Manufacturing,Q4-2024,659597,641234,-18363,18363,Net-30,97.0,97.2,93.3,641234,0,3.8
545,69,TrueNorth Consulting,Consulting,Q1-2023,189645,225723,36078,0,Net-60,82.1,119.0,62.8,225723,14,0.0
546,69,TrueNorth Consulting,Consulting,Q2-2023,189645,184718,-4927,4927,Net-60,75.0,97.4,45.3,184718,8,0.0
547,69,TrueNorth Consulting,Consulting,Q3-2023,189645,206585,16940,0,Net-60,77.3,108.9,62.2,206585,11,0.0
548,69,TrueNorth Consulting,Consulting,Q4-2023,189645,227160,37515,0,Net-60,76.2,119.8,46.4,227160,9,0.0
549,69,TrueNorth Consulting,Consulting,Q1-2024,189645,185324,-4321,4321,Net-60,76.7,97.7,57.7,185324,12,0.0
550,69,TrueNorth Consulting,Consulting,Q2-2024,189645,200002,10357,0,Net-60,76.9,105.5,55.5,200002,5,0.0
551,69,TrueNorth Consulting,Consulting,Q3-2024,189645,192654,3009,0,Net-60,78.2,101.6,37.6,192654,11,0.0
552,69,TrueNorth Consulting,Consulting,Q4-2024,189645,211810,22165,0,Net-60,78.8,111.7,50.3,211810,8,0.0
553,70,BaseMet Resources,Raw Materials,Q1-2023,281869,261789,-20080,20080,Net-30,98.1,92.9,94.3,261789,1,5.3
554,70,BaseMet Resources,Raw Materials,Q2-2023,281869,278750,-3119,3119,Net-30,99.2,98.9,87.5,278750,1,5.4
555,70,BaseMet Resources,Raw Materials,Q3-2023,281869,293340,11471,0,Net-30,97.2,104.1,92.2,293340,0,4.9
556,70,BaseMet Resources,Raw Materials,Q4-2023,281869,272265,-9604,9604,Net-30,96.9,96.6,89.1,272265,0,4.3
557,70,BaseMet Resources,Raw Materials,Q1-2024,281869,270488,-11381,11381,Net-30,97.8,96.0,87.7,270488,1,5.2
558,70,BaseMet Resources,Raw Materials,Q2-2024,281869,255617,-26252,26252,Net-30,98.4,90.7,86.6,255617,1,5.3
559,70,BaseMet Resources,Raw Materials,Q3-2024,281869,273461,-8408,8408,Net-30,99.0,97.0,86.6,273461,0,4.7
560,70,BaseMet Resources,Raw Materials,Q4-2024,281869,295291,13422,0,Net-30,99.1,104.8,92.5,295291,0,4.8
561,71,ClearPath IT Group,IT Services,Q1-2023,284628,285106,478,0,Net-30,99.0,100.2,85.9,285106,1,3.3
562,71,ClearPath IT Group,IT Services,Q2-2023,284628,297606,12978,0,Net-30,97.7,104.6,93.2,297606,1,2.7
563,71,ClearPath IT Group,IT Services,Q3-2023,284628,281935,-2693,2693,Net-30,96.0,99.1,88.0,281935,0,3.5
564,71,ClearPath IT Group,IT Services,Q4-2023,284628,283650,-978,978,Net-30,96.3,99.7,86.5,283650,1,4.8
565,71,ClearPath IT Group,IT Services,Q1-2024,284628,268695,-15933,15933,Net-30,96.0,94.4,86.9,268695,1,4.8
566,71,ClearPath IT Group,IT Services,Q2-2024,284628,291267,6639,0,Net-30,97.4,102.3,90.9,291267,1,4.4
567,71,ClearPath IT Group,IT Services,Q3-2024,284628,306904,22276,0,Net-30,97.7,107.8,85.3,306904,1,4.7
568,71,ClearPath IT Group,IT Services,Q4-2024,284628,305683,21055,0,Net-30,98.0,107.4,92.2,305683,1,2.8
569,72,BlueOcean Freight,Logistics,Q1-2023,194127,216968,22841,0,Net-60,77.8,111.8,46.9,216968,14,0.0
570,72,BlueOcean Freight,Logistics,Q2-2023,194127,198879,4752,0,Net-60,83.0,102.4,57.5,198879,11,0.0
571,72,BlueOcean Freight,Logistics,Q3-2023,194127,215435,21308,0,Net-60,77.8,111.0,51.3,215435,12,0.0
572,72,BlueOcean Freight,Logistics,Q4-2023,194127,176278,-17849,17849,Net-60,87.3,90.8,44.1,176278,14,0.0
573,72,BlueOcean Freight,Logistics,Q1-2024,194127,214439,20312,0,Net-60,78.7,110.5,53.8,214439,14,0.0
574,72,BlueOcean Freight,Logistics,Q2-2024,194127,191967,-2160,2160,Net-60,76.0,98.9,52.0,191967,10,0.0
575,72,BlueOcean Freight,Logistics,Q3-2024,194127,202459,8332,0,Net-60,82.9,104.3,56.9,202459,4,0.0
576,72,BlueOcean Freight,Logistics,Q4-2024,194127,215750,21623,0,Net-60,72.9,111.1,36.9,215750,14,0.0
577,73,PeakCraft Manufacturing,Manufacturing,Q1-2023,166574,173994,7420,0,Net-45,89.3,104.5,68.3,173994,4,1.6
578,73,PeakCraft Manufacturing,Manufacturing,Q2-2023,166574,162595,-3979,3979,Net-45,92.9,97.6,78.5,162595,3,1.0
579,73,PeakCraft Manufacturing,Manufacturing,Q3-2023,166574,171543,4969,0,Net-45,88.9,103.0,73.4,171543,2,0.7
580,73,PeakCraft Manufacturing,Manufacturing,Q4-2023,166574,173087,6513,0,Net-45,93.1,103.9,79.3,173087,4,2.4
581,73,PeakCraft Manufacturing,Manufacturing,Q1-2024,166574,150348,-16226,16226,Net-45,94.0,90.3,77.5,150348,3,2.2
582,73,PeakCraft Manufacturing,Manufacturing,Q2-2024,166574,150130,-16444,16444,Net-45,95.6,90.1,71.3,150130,1,1.3
583,73,PeakCraft Manufacturing,Manufacturing,Q3-2024,166574,154122,-12452,12452,Net-45,95.9,92.5,80.8,154122,1,2.1
584,73,PeakCraft Manufacturing,Manufacturing,Q4-2024,166574,169708,3134,0,Net-45,89.9,101.9,80.0,169708,3,1.5
585,74,Axis Strategy Partners,Consulting,Q1-2023,188326,223861,35535,0,Net-60,83.7,118.9,62.3,223861,6,0.0
586,74,Axis Strategy Partners,Consulting,Q2-2023,188326,164674,-23652,23652,Net-60,83.8,87.4,42.6,164674,12,0.0
587,74,Axis Strategy Partners,Consulting,Q3-2023,188326,214054,25728,0,Net-60,80.7,113.7,45.7,214054,10,0.0
588,74,Axis Strategy Partners,Consulting,Q4-2023,188326,175485,-12841,12841,Net-60,72.1,93.2,47.0,175485,7,0.0
589,74,Axis Strategy Partners,Consulting,Q1-2024,188326,198778,10452,0,Net-60,76.4,105.5,57.5,198778,13,0.0
590,74,Axis Strategy Partners,Consulting,Q2-2024,188326,211253,22927,0,Net-60,78.7,112.2,41.2,211253,14,0.0
591,74,Axis Strategy Partners,Consulting,Q3-2024,188326,191598,3272,0,Net-60,87.6,101.7,39.0,191598,11,0.0
592,74,Axis Strategy Partners,Consulting,Q4-2024,188326,205449,17123,0,Net-60,83.7,109.1,35.4,205449,10,0.0
593,75,SunMat Corp,Raw Materials,Q1-2023,398029,377986,-20043,20043,Net-45,88.2,95.0,81.4,377986,2,1.1
594,75,SunMat Corp,Raw Materials,Q2-2023,398029,417283,19254,0,Net-45,90.7,104.8,80.8,417283,4,1.2
595,75,SunMat Corp,Raw Materials,Q3-2023,398029,409496,11467,0,Net-45,94.6,102.9,83.8,409496,4,1.5
596,75,SunMat Corp,Raw Materials,Q4-2023,398029,387095,-10934,10934,Net-45,91.1,97.3,77.2,387095,1,2.3
597,75,SunMat Corp,Raw Materials,Q1-2024,398029,386779,-11250,11250,Net-45,89.9,97.2,72.0,386779,2,1.5
598,75,SunMat Corp,Raw Materials,Q2-2024,398029,408425,10396,0,Net-45,93.0,102.6,74.8,408425,3,1.0
599,75,SunMat Corp,Raw Materials,Q3-2024,398029,427256,29227,0,Net-45,91.0,107.3,74.1,427256,2,0.6
600,75,SunMat Corp,Raw Materials,Q4-2024,398029,427487,29458,0,Net-45,89.4,107.4,76.9,427487,3,0.9
601,76,HorizonTech Inc,IT Services,Q1-2023,105521,121527,16006,0,Net-60,79.7,115.2,52.1,121527,13,0.0
602,76,HorizonTech Inc,IT Services,Q2-2023,105521,97431,-8090,8090,Net-60,74.0,92.3,36.1,97431,10,0.0
603,76,HorizonTech Inc,IT Services,Q3-2023,105521,124762,19241,0,Net-60,78.4,118.2,47.9,124762,8,0.0
604,76,HorizonTech Inc,IT Services,Q4-2023,105521,115575,10054,0,Net-60,76.2,109.5,35.8,115575,10,0.0
605,76,HorizonTech Inc,IT Services,Q1-2024,105521,116130,10609,0,Net-60,78.7,110.1,45.2,116130,9,0.0
606,76,HorizonTech Inc,IT Services,Q2-2024,105521,103888,-1633,1633,Net-60,75.3,98.5,46.0,103888,13,0.0
607,76,HorizonTech Inc,IT Services,Q3-2024,105521,122302,16781,0,Net-60,78.5,115.9,41.9,122302,4,0.0
608,76,HorizonTech Inc,IT Services,Q4-2024,105521,99454,-6067,6067,Net-60,81.4,94.3,38.7,99454,5,0.0
609,77,FlexFreight Solutions,Logistics,Q1-2023,715492,686499,-28993,28993,Net-30,97.5,95.9,94.1,686499,0,4.4
610,77,FlexFreight Solutions,Logistics,Q2-2023,715492,676059,-39433,39433,Net-30,97.3,94.5,85.2,676059,1,2.7
611,77,FlexFreight Solutions,Logistics,Q3-2023,715492,700516,-14976,14976,Net-30,98.7,97.9,89.1,700516,0,4.0
612,77,FlexFreight Solutions,Logistics,Q4-2023,715492,692373,-23119,23119,Net-30,96.5,96.8,87.4,692373,1,4.4
613,77,FlexFreight Solutions,Logistics,Q1-2024,715492,709454,-6038,6038,Net-30,97.9,99.2,87.4,709454,0,3.9
614,77,FlexFreight Solutions,Logistics,Q2-2024,715492,760133,44641,0,Net-30,97.0,106.2,89.7,760133,0,3.7
615,77,FlexFreight Solutions,Logistics,Q3-2024,715492,701189,-14303,14303,Net-30,98.7,98.0,91.7,701189,1,5.3
616,77,FlexFreight Solutions,Logistics,Q4-2024,715492,735751,20259,0,Net-30,98.8,102.8,95.6,735751,0,3.9
617,78,ProMold Manufacturing,Manufacturing,Q1-2023,185461,175007,-10454,10454,Net-45,90.5,94.4,69.4,175007,4,0.9
618,78,ProMold Manufacturing,Manufacturing,Q2-2023,185461,165849,-19612,19612,Net-45,93.9,89.4,73.7,165849,1,1.1
619,78,ProMold Manufacturing,Manufacturing,Q3-2023,185461,174074,-11387,11387,Net-45,95.6,93.9,70.1,174074,4,1.7
620,78,ProMold Manufacturing,Manufacturing,Q4-2023,185461,193077,7616,0,Net-45,96.0,104.1,79.8,193077,3,1.9
621,78,ProMold Manufacturing,Manufacturing,Q1-2024,185461,181963,-3498,3498,Net-45,88.8,98.1,80.0,181963,3,1.3
622,78,ProMold Manufacturing,Manufacturing,Q2-2024,185461,195706,10245,0,Net-45,93.2,105.5,72.5,195706,1,1.3
623,78,ProMold Manufacturing,Manufacturing,Q3-2024,185461,198012,12551,0,Net-45,91.0,106.8,74.0,198012,1,1.0
624,78,ProMold Manufacturing,Manufacturing,Q4-2024,185461,173562,-11899,11899,Net-45,90.3,93.6,75.7,173562,2,0.8
625,79,GrowthPoint Consulting,Consulting,Q1-2023,154593,150588,-4005,4005,Net-60,79.8,97.4,51.6,150588,12,0.0
626,79,GrowthPoint Consulting,Consulting,Q2-2023,154593,140476,-14117,14117,Net-60,77.2,90.9,62.9,140476,8,0.0
627,79,GrowthPoint Consulting,Consulting,Q3-2023,154593,158704,4111,0,Net-60,83.2,102.7,62.8,158704,5,0.0
628,79,GrowthPoint Consulting,Consulting,Q4-2023,154593,142418,-12175,12175,Net-60,77.7,92.1,63.3,142418,12,0.0
629,79,GrowthPoint Consulting,Consulting,Q1-2024,154593,182853,28260,0,Net-60,77.5,118.3,59.3,182853,5,0.0
630,79,GrowthPoint Consulting,Consulting,Q2-2024,154593,181003,26410,0,Net-60,87.6,117.1,57.7,181003,9,0.0
631,79,GrowthPoint Consulting,Consulting,Q3-2024,154593,143326,-11267,11267,Net-60,73.0,92.7,42.8,143326,4,0.0
632,79,GrowthPoint Consulting,Consulting,Q4-2024,154593,136966,-17627,17627,Net-60,85.4,88.6,36.9,136966,7,0.0
633,80,NordicRaw Materials,Raw Materials,Q1-2023,275779,248687,-27092,27092,Net-45,90.7,90.2,81.6,248687,1,0.6
634,80,NordicRaw Materials,Raw Materials,Q2-2023,275779,263026,-12753,12753,Net-45,95.1,95.4,74.5,263026,1,2.0
635,80,NordicRaw Materials,Raw Materials,Q3-2023,275779,269609,-6170,6170,Net-45,95.1,97.8,83.6,269609,2,1.3
636,80,NordicRaw Materials,Raw Materials,Q4-2023,275779,302574,26795,0,Net-45,88.7,109.7,69.6,302574,1,1.8
637,80,NordicRaw Materials,Raw Materials,Q1-2024,275779,285093,9314,0,Net-45,95.1,103.4,78.2,285093,1,2.0
638,80,NordicRaw Materials,Raw Materials,Q2-2024,275779,278132,2353,0,Net-45,94.5,100.9,70.7,278132,2,1.6
639,80,NordicRaw Materials,Raw Materials,Q3-2024,275779,252350,-23429,23429,Net-45,93.7,91.5,77.1,252350,4,1.7
640,80,NordicRaw Materials,Raw Materials,Q4-2024,275779,284618,8839,0,Net-45,89.3,103.2,78.6,284618,4,1.1
641,81,CatalystIT Systems,IT Services,Q1-2023,309690,282102,-27588,27588,Net-45,88.7,91.1,81.0,282102,1,2.2
642,81,CatalystIT Systems,IT Services,Q2-2023,309690,274242,-35448,35448,Net-45,92.4,88.6,70.9,274242,1,2.1
643,81,CatalystIT Systems,IT Services,Q3-2023,309690,292111,-17579,17579,Net-45,88.2,94.3,83.6,292111,3,1.2
644,81,CatalystIT Systems,IT Services,Q4-2023,309690,287707,-21983,21983,Net-45,91.5,92.9,75.9,287707,3,1.9
645,81,CatalystIT Systems,IT Services,Q1-2024,309690,304158,-5532,5532,Net-45,95.7,98.2,82.8,304158,1,0.7
646,81,CatalystIT Systems,IT Services,Q2-2024,309690,326556,16866,0,Net-45,92.7,105.4,82.1,326556,1,0.9
647,81,CatalystIT Systems,IT Services,Q3-2024,309690,297000,-12690,12690,Net-45,95.6,95.9,77.4,297000,3,2.0
648,81,CatalystIT Systems,IT Services,Q4-2024,309690,343659,33969,0,Net-45,90.9,111.0,75.6,343659,2,1.1
649,82,CargoNation Ltd,Logistics,Q1-2023,692717,651009,-41708,41708,Net-30,98.7,94.0,93.2,651009,0,3.6
650,82,CargoNation Ltd,Logistics,Q2-2023,692717,697386,4669,0,Net-30,99.2,100.7,93.4,697386,0,3.2
651,82,CargoNation Ltd,Logistics,Q3-2023,692717,677908,-14809,14809,Net-30,99.2,97.9,91.7,677908,1,4.2
652,82,CargoNation Ltd,Logistics,Q4-2023,692717,656962,-35755,35755,Net-30,96.3,94.8,95.3,656962,1,4.9
653,82,CargoNation Ltd,Logistics,Q1-2024,692717,701813,9096,0,Net-30,98.5,101.3,92.5,701813,1,4.1
654,82,CargoNation Ltd,Logistics,Q2-2024,692717,745985,53268,0,Net-30,98.2,107.7,88.0,745985,0,2.7
655,82,CargoNation Ltd,Logistics,Q3-2024,692717,703412,10695,0,Net-30,98.1,101.5,95.0,703412,1,3.6
656,82,CargoNation Ltd,Logistics,Q4-2024,692717,646349,-46368,46368,Net-30,98.7,93.3,92.0,646349,0,2.9
657,83,BoltWorks Mfg,Manufacturing,Q1-2023,623417,621834,-1583,1583,Net-30,97.4,99.7,93.4,621834,0,5.4
658,83,BoltWorks Mfg,Manufacturing,Q2-2023,623417,659179,35762,0,Net-30,97.9,105.7,94.6,659179,0,4.9
659,83,BoltWorks Mfg,Manufacturing,Q3-2023,623417,605989,-17428,17428,Net-30,97.0,97.2,91.4,605989,1,5.2
660,83,BoltWorks Mfg,Manufacturing,Q4-2023,623417,591073,-32344,32344,Net-30,96.2,94.8,95.2,591073,0,4.2
661,83,BoltWorks Mfg,Manufacturing,Q1-2024,623417,638602,15185,0,Net-30,98.6,102.4,90.5,638602,1,2.8
662,83,BoltWorks Mfg,Manufacturing,Q2-2024,623417,601183,-22234,22234,Net-30,98.4,96.4,91.0,601183,0,3.0
663,83,BoltWorks Mfg,Manufacturing,Q3-2024,623417,666826,43409,0,Net-30,96.0,107.0,85.2,666826,1,4.5
664,83,BoltWorks Mfg,Manufacturing,Q4-2024,623417,639286,15869,0,Net-30,97.3,102.5,92.6,639286,0,4.3
665,84,PinnacleConsult Inc,Consulting,Q1-2023,114986,134669,19683,0,Net-60,81.1,117.1,45.5,134669,12,0.0
666,84,PinnacleConsult Inc,Consulting,Q2-2023,114986,110864,-4122,4122,Net-60,84.3,96.4,38.1,110864,14,0.0
667,84,PinnacleConsult Inc,Consulting,Q3-2023,114986,97846,-17140,17140,Net-60,75.9,85.1,45.8,97846,11,0.0
668,84,PinnacleConsult Inc,Consulting,Q4-2023,114986,102691,-12295,12295,Net-60,76.6,89.3,37.2,102691,11,0.0
669,84,PinnacleConsult Inc,Consulting,Q1-2024,114986,111920,-3066,3066,Net-60,75.6,97.3,54.0,111920,12,0.0
670,84,PinnacleConsult Inc,Consulting,Q2-2024,114986,116556,1570,0,Net-60,87.5,101.4,58.3,116556,7,0.0
671,84,PinnacleConsult Inc,Consulting,Q3-2024,114986,121797,6811,0,Net-60,72.7,105.9,58.2,121797,12,0.0
672,84,PinnacleConsult Inc,Consulting,Q4-2024,114986,107330,-7656,7656,Net-60,76.0,93.3,48.3,107330,4,0.0
673,85,EcoMine Supplies,Raw Materials,Q1-2023,66784,68200,1416,0,Net-60,81.2,102.1,41.5,68200,5,0.0
674,85,EcoMine Supplies,Raw Materials,Q2-2023,66784,67553,769,0,Net-60,81.9,101.2,57.7,67553,5,0.0
675,85,EcoMine Supplies,Raw Materials,Q3-2023,66784,71871,5087,0,Net-60,87.1,107.6,46.9,71871,12,0.0
676,85,EcoMine Supplies,Raw Materials,Q4-2023,66784,75012,8228,0,Net-60,75.2,112.3,46.0,75012,10,0.0
677,85,EcoMine Supplies,Raw Materials,Q1-2024,66784,68198,1414,0,Net-60,84.5,102.1,45.4,68198,6,0.0
678,85,EcoMine Supplies,Raw Materials,Q2-2024,66784,57868,-8916,8916,Net-60,81.8,86.6,62.7,57868,6,0.0
679,85,EcoMine Supplies,Raw Materials,Q3-2024,66784,74733,7949,0,Net-60,84.3,111.9,54.9,74733,12,0.0
680,85,EcoMine Supplies,Raw Materials,Q4-2024,66784,71466,4682,0,Net-60,87.6,107.0,55.1,71466,10,0.0
681,86,InfoTech Dynamics,IT Services,Q1-2023,504508,527594,23086,0,Net-30,99.0,104.6,91.4,527594,0,2.9
682,86,InfoTech Dynamics,IT Services,Q2-2023,504508,526912,22404,0,Net-30,98.8,104.4,90.4,526912,0,5.4
683,86,InfoTech Dynamics,IT Services,Q3-2023,504508,527616,23108,0,Net-30,98.2,104.6,92.7,527616,1,3.5
684,86,InfoTech Dynamics,IT Services,Q4-2023,504508,460996,-43512,43512,Net-30,97.3,91.4,85.2,460996,1,4.2
685,86,InfoTech Dynamics,IT Services,Q1-2024,504508,503084,-1424,1424,Net-30,97.9,99.7,95.3,503084,1,3.0
686,86,InfoTech Dynamics,IT Services,Q2-2024,504508,477762,-26746,26746,Net-30,99.1,94.7,91.0,477762,1,2.5
687,86,InfoTech Dynamics,IT Services,Q3-2024,504508,524682,20174,0,Net-30,96.0,104.0,89.8,524682,1,3.9
688,86,InfoTech Dynamics,IT Services,Q4-2024,504508,508880,4372,0,Net-30,97.5,100.9,85.5,508880,1,3.7
689,87,JetRoute Logistics,Logistics,Q1-2023,91028,91050,22,0,Net-45,93.4,100.0,73.3,91050,1,1.4
690,87,JetRoute Logistics,Logistics,Q2-2023,91028,93494,2466,0,Net-45,91.1,102.7,77.1,93494,2,1.9
691,87,JetRoute Logistics,Logistics,Q3-2023,91028,85118,-5910,5910,Net-45,92.4,93.5,77.2,85118,4,0.8
692,87,JetRoute Logistics,Logistics,Q4-2023,91028,100957,9929,0,Net-45,88.5,110.9,79.7,100957,1,0.8
693,87,JetRoute Logistics,Logistics,Q1-2024,91028,83176,-7852,7852,Net-45,92.1,91.4,77.7,83176,4,1.5
694,87,JetRoute Logistics,Logistics,Q2-2024,91028,98184,7156,0,Net-45,89.9,107.9,75.7,98184,1,1.6
695,87,JetRoute Logistics,Logistics,Q3-2024,91028,95529,4501,0,Net-45,94.5,104.9,71.9,95529,1,1.5
696,87,JetRoute Logistics,Logistics,Q4-2024,91028,95540,4512,0,Net-45,94.9,105.0,75.9,95540,2,0.9
697,88,CoreCast Mfg,Manufacturing,Q1-2023,388443,388473,30,0,Net-45,95.5,100.0,83.4,388473,1,1.9
698,88,CoreCast Mfg,Manufacturing,Q2-2023,388443,396889,8446,0,Net-45,94.0,102.2,75.3,396889,4,0.6
699,88,CoreCast Mfg,Manufacturing,Q3-2023,388443,362754,-25689,25689,Net-45,91.8,93.4,70.8,362754,2,2.1
700,88,CoreCast Mfg,Manufacturing,Q4-2023,388443,372905,-15538,15538,Net-45,88.0,96.0,81.7,372905,3,2.4
701,88,CoreCast Mfg,Manufacturing,Q1-2024,388443,362080,-26363,26363,Net-45,90.7,93.2,75.3,362080,3,2.3
702,88,CoreCast Mfg,Manufacturing,Q2-2024,388443,408777,20334,0,Net-45,88.4,105.2,74.3,408777,4,1.8
703,88,CoreCast Mfg,Manufacturing,Q3-2024,388443,373659,-14784,14784,Net-45,92.6,96.2,83.1,373659,2,1.6
704,88,CoreCast Mfg,Manufacturing,Q4-2024,388443,365866,-22577,22577,Net-45,91.0,94.2,82.8,365866,4,1.3
705,89,TrueConsult Global,Consulting,Q1-2023,730828,686487,-44341,44341,Net-30,98.7,93.9,90.0,686487,1,4.8
706,89,TrueConsult Global,Consulting,Q2-2023,730828,732071,1243,0,Net-30,98.1,100.2,95.2,732071,0,2.7
707,89,TrueConsult Global,Consulting,Q3-2023,730828,689102,-41726,41726,Net-30,98.3,94.3,94.9,689102,1,3.0
708,89,TrueConsult Global,Consulting,Q4-2023,730828,781617,50789,0,Net-30,97.0,106.9,92.8,781617,0,5.3
709,89,TrueConsult Global,Consulting,Q1-2024,730828,785915,55087,0,Net-30,97.2,107.5,90.9,785915,0,4.3
710,89,TrueConsult Global,Consulting,Q2-2024,730828,724289,-6539,6539,Net-30,99.0,99.1,94.1,724289,0,4.8
711,89,TrueConsult Global,Consulting,Q3-2024,730828,671773,-59055,59055,Net-30,97.3,91.9,90.8,671773,0,3.8
712,89,TrueConsult Global,Consulting,Q4-2024,730828,697563,-33265,33265,Net-30,99.0,95.4,92.0,697563,0,4.5
713,90,MarbleMat Resources,Raw Materials,Q1-2023,200646,222362,21716,0,Net-45,95.2,110.8,73.2,222362,1,0.9
714,90,MarbleMat Resources,Raw Materials,Q2-2023,200646,204339,3693,0,Net-45,92.2,101.8,69.2,204339,4,1.6
715,90,MarbleMat Resources,Raw Materials,Q3-2023,200646,184932,-15714,15714,Net-45,91.4,92.2,76.7,184932,4,0.5
716,90,MarbleMat Resources,Raw Materials,Q4-2023,200646,178559,-22087,22087,Net-45,95.5,89.0,79.3,178559,3,2.2
717,90,MarbleMat Resources,Raw Materials,Q1-2024,200646,194221,-6425,6425,Net-45,89.1,96.8,81.9,194221,3,2.2
718,90,MarbleMat Resources,Raw Materials,Q2-2024,200646,212190,11544,0,Net-45,92.6,105.8,68.8,212190,2,1.4
719,90,MarbleMat Resources,Raw Materials,Q3-2024,200646,193021,-7625,7625,Net-45,91.0,96.2,71.8,193021,2,1.8
720,90,MarbleMat Resources,Raw Materials,Q4-2024,200646,178927,-21719,21719,Net-45,89.2,89.2,72.3,178927,3,1.8
721,91,TechSphere Solutions,IT Services,Q1-2023,51885,45839,-6046,6046,Net-60,85.6,88.3,53.5,45839,13,0.0
722,91,TechSphere Solutions,IT Services,Q2-2023,51885,46912,-4973,4973,Net-60,81.0,90.4,52.3,46912,7,0.0
723,91,TechSphere Solutions,IT Services,Q3-2023,51885,54878,2993,0,Net-60,78.0,105.8,47.9,54878,12,0.0
724,91,TechSphere Solutions,IT Services,Q4-2023,51885,47096,-4789,4789,Net-60,83.1,90.8,44.3,47096,9,0.0
725,91,TechSphere Solutions,IT Services,Q1-2024,51885,51585,-300,300,Net-60,80.7,99.4,54.6,51585,9,0.0
726,91,TechSphere Solutions,IT Services,Q2-2024,51885,48381,-3504,3504,Net-60,76.8,93.2,61.5,48381,11,0.0
727,91,TechSphere Solutions,IT Services,Q3-2024,51885,55063,3178,0,Net-60,84.0,106.1,50.6,55063,11,0.0
728,91,TechSphere Solutions,IT Services,Q4-2024,51885,44953,-6932,6932,Net-60,74.0,86.6,63.8,44953,12,0.0
729,92,AquaFreight Corp,Logistics,Q1-2023,224441,224929,488,0,Net-30,97.7,100.2,89.5,224929,1,5.0
730,92,AquaFreight Corp,Logistics,Q2-2023,224441,212569,-11872,11872,Net-30,98.1,94.7,95.2,212569,1,2.8
731,92,AquaFreight Corp,Logistics,Q3-2023,224441,220854,-3587,3587,Net-30,97.4,98.4,95.6,220854,1,4.9
732,92,AquaFreight Corp,Logistics,Q4-2023,224441,227616,3175,0,Net-30,98.1,101.4,93.8,227616,0,4.4
733,92,AquaFreight Corp,Logistics,Q1-2024,224441,240895,16454,0,Net-30,98.8,107.3,88.9,240895,1,3.0
734,92,AquaFreight Corp,Logistics,Q2-2024,224441,238872,14431,0,Net-30,96.0,106.4,91.2,238872,0,4.4
735,92,AquaFreight Corp,Logistics,Q3-2024,224441,236030,11589,0,Net-30,97.6,105.2,92.8,236030,1,2.7
736,92,AquaFreight Corp,Logistics,Q4-2024,224441,209109,-15332,15332,Net-30,98.6,93.2,94.5,209109,1,3.1
737,93,StrongBuild Mfg,Manufacturing,Q1-2023,892225,912839,20614,0,Net-30,98.1,102.3,88.8,912839,1,3.2
738,93,StrongBuild Mfg,Manufacturing,Q2-2023,892225,842851,-49374,49374,Net-30,99.3,94.5,91.9,842851,0,3.0
739,93,StrongBuild Mfg,Manufacturing,Q3-2023,892225,852825,-39400,39400,Net-30,98.2,95.6,94.0,852825,1,3.5
740,93,StrongBuild Mfg,Manufacturing,Q4-2023,892225,814666,-77559,77559,Net-30,98.9,91.3,95.4,814666,0,2.7
741,93,StrongBuild Mfg,Manufacturing,Q1-2024,892225,958200,65975,0,Net-30,99.1,107.4,95.4,958200,1,4.3
742,93,StrongBuild Mfg,Manufacturing,Q2-2024,892225,933573,41348,0,Net-30,98.7,104.6,87.7,933573,0,3.5
743,93,StrongBuild Mfg,Manufacturing,Q3-2024,892225,917912,25687,0,Net-30,98.5,102.9,90.5,917912,1,5.3
744,93,StrongBuild Mfg,Manufacturing,Q4-2024,892225,866011,-26214,26214,Net-30,96.9,97.1,93.2,866011,0,4.5
745,94,Vantage Consulting,Consulting,Q1-2023,811759,826601,14842,0,Net-30,96.0,101.8,95.3,826601,0,2.7
746,94,Vantage Consulting,Consulting,Q2-2023,811759,826951,15192,0,Net-30,99.1,101.9,92.6,826951,1,4.0
747,94,Vantage Consulting,Consulting,Q3-2023,811759,817210,5451,0,Net-30,99.0,100.7,90.3,817210,1,2.8
748,94,Vantage Consulting,Consulting,Q4-2023,811759,736174,-75585,75585,Net-30,97.9,90.7,90.2,736174,0,4.1
749,94,Vantage Consulting,Consulting,Q1-2024,811759,866851,55092,0,Net-30,98.1,106.8,91.1,866851,1,3.0
750,94,Vantage Consulting,Consulting,Q2-2024,811759,800597,-11162,11162,Net-30,98.3,98.6,92.0,800597,0,3.3
751,94,Vantage Consulting,Consulting,Q3-2024,811759,763207,-48552,48552,Net-30,98.1,94.0,91.6,763207,0,2.8
752,94,Vantage Consulting,Consulting,Q4-2024,811759,873331,61572,0,Net-30,97.4,107.6,89.8,873331,1,3.8
753,95,ForestMat Supplies,Raw Materials,Q1-2023,211733,211948,215,0,Net-30,97.2,100.1,93.8,211948,0,3.4
754,95,ForestMat Supplies,Raw Materials,Q2-2023,211733,193967,-17766,17766,Net-30,99.3,91.6,88.8,193967,1,3.5
755,95,ForestMat Supplies,Raw Materials,Q3-2023,211733,199715,-12018,12018,Net-30,96.7,94.3,90.3,199715,0,3.7
756,95,ForestMat Supplies,Raw Materials,Q4-2023,211733,211426,-307,307,Net-30,98.3,99.9,94.0,211426,0,2.7
757,95,ForestMat Supplies,Raw Materials,Q1-2024,211733,213040,1307,0,Net-30,99.0,100.6,90.7,213040,0,2.8
758,95,ForestMat Supplies,Raw Materials,Q2-2024,211733,198266,-13467,13467,Net-30,96.1,93.6,86.7,198266,0,5.5
759,95,ForestMat Supplies,Raw Materials,Q3-2024,211733,227668,15935,0,Net-30,97.4,107.5,90.5,227668,1,4.3
760,95,ForestMat Supplies,Raw Materials,Q4-2024,211733,196096,-15637,15637,Net-30,96.6,92.6,94.9,196096,1,4.7
761,96,ClearVision IT,IT Services,Q1-2023,390062,410595,20533,0,Net-30,98.0,105.3,95.2,410595,0,5.1
762,96,ClearVision IT,IT Services,Q2-2023,390062,351896,-38166,38166,Net-30,96.8,90.2,88.2,351896,0,2.6
763,96,ClearVision IT,IT Services,Q3-2023,390062,407201,17139,0,Net-30,97.1,104.4,94.4,407201,1,2.9
764,96,ClearVision IT,IT Services,Q4-2023,390062,369277,-20785,20785,Net-30,96.9,94.7,88.3,369277,1,5.0
765,96,ClearVision IT,IT Services,Q1-2024,390062,415187,25125,0,Net-30,98.8,106.4,91.3,415187,1,3.3
766,96,ClearVision IT,IT Services,Q2-2024,390062,406379,16317,0,Net-30,98.8,104.2,94.3,406379,0,4.3
767,96,ClearVision IT,IT Services,Q3-2024,390062,402049,11987,0,Net-30,99.4,103.1,86.0,402049,0,2.8
768,96,ClearVision IT,IT Services,Q4-2024,390062,411079,21017,0,Net-30,96.5,105.4,91.5,411079,1,2.6
769,97,NightOwl Logistics,Logistics,Q1-2023,58234,65649,7415,0,Net-60,79.3,112.7,38.1,65649,5,0.0
770,97,NightOwl Logistics,Logistics,Q2-2023,58234,59156,922,0,Net-60,76.3,101.6,35.8,59156,9,0.0
771,97,NightOwl Logistics,Logistics,Q3-2023,58234,62286,4052,0,Net-60,73.7,107.0,65.0,62286,13,0.0
772,97,NightOwl Logistics,Logistics,Q4-2023,58234,50942,-7292,7292,Net-60,79.2,87.5,54.4,50942,7,0.0
773,97,NightOwl Logistics,Logistics,Q1-2024,58234,63470,5236,0,Net-60,82.3,109.0,40.0,63470,4,0.0
774,97,NightOwl Logistics,Logistics,Q2-2024,58234,55224,-3010,3010,Net-60,78.1,94.8,50.6,55224,11,0.0
775,97,NightOwl Logistics,Logistics,Q3-2024,58234,62740,4506,0,Net-60,79.3,107.7,48.3,62740,4,0.0
776,97,NightOwl Logistics,Logistics,Q4-2024,58234,61201,2967,0,Net-60,79.1,105.1,37.2,61201,7,0.0
777,98,TitanForge Mfg,Manufacturing,Q1-2023,496479,484644,-11835,11835,Net-30,96.9,97.6,93.9,484644,0,3.8
778,98,TitanForge Mfg,Manufacturing,Q2-2023,496479,467680,-28799,28799,Net-30,99.3,94.2,90.3,467680,1,4.7
779,98,TitanForge Mfg,Manufacturing,Q3-2023,496479,527875,31396,0,Net-30,98.2,106.3,89.2,527875,1,3.9
780,98,TitanForge Mfg,Manufacturing,Q4-2023,496479,467864,-28615,28615,Net-30,97.0,94.2,95.2,467864,1,4.2
781,98,TitanForge Mfg,Manufacturing,Q1-2024,496479,493842,-2637,2637,Net-30,98.3,99.5,86.0,493842,0,5.4
782,98,TitanForge Mfg,Manufacturing,Q2-2024,496479,464772,-31707,31707,Net-30,97.5,93.6,86.1,464772,1,3.9
783,98,TitanForge Mfg,Manufacturing,Q3-2024,496479,525548,29069,0,Net-30,98.0,105.9,93.3,525548,0,5.0
784,98,TitanForge Mfg,Manufacturing,Q4-2024,496479,500091,3612,0,Net-30,96.0,100.7,87.6,500091,1,5.0
